<Configuration>
  <D365Url>https://relonaviph2.crm7.dynamics.com/</D365Url>
  <AppId>1eedd29d-e192-4484-ad24-cbc96458f0c7</AppId>
  <Secret>phDhkzhk~_2FU~8ND_j07INU0j.4.5kXaO</Secret>
  <MaxConnectionTimeout></MaxConnectionTimeout>
  <MaxRetryAllCount></MaxRetryAllCount>
  <MaxRetryCount></MaxRetryCount>
  <RetryPauseTime></RetryPauseTime>
  <LogOutPath>BatchLog</LogOutPath>
  <LogSaveDays></LogSaveDays>
  <BackUpSaveDays></BackUpSaveDays>
  <ErrorContinueFlag>true</ErrorContinueFlag>
  <SystemDate>2021/01/24</SystemDate>
  <DateDiff></DateDiff>
  <Authentications>
    <Authentication id="JBS_BT_001">
      <AppId>1eedd29d-e192-4484-ad24-cbc96458f0c7</AppId>
      <Secret>phDhkzhk~_2FU~8ND_j07INU0j.4.5kXaO</Secret>
    </Authentication>
    <Authentication id="JBS-BT-003">
      <AppId>1eedd29d-e192-4484-ad24-cbc96458f0c7</AppId>
      <Secret>phDhkzhk~_2FU~8ND_j07INU0j.4.5kXaO</Secret>
    </Authentication>
    <Authentication id="JBS-BT-004">
      <AppId>1eedd29d-e192-4484-ad24-cbc96458f0c7</AppId>
      <Secret>phDhkzhk~_2FU~8ND_j07INU0j.4.5kXaO</Secret>
    </Authentication>
    <Authentication id="JBS-BT-005">
      <AppId>1eedd29d-e192-4484-ad24-cbc96458f0c7</AppId>
      <Secret>phDhkzhk~_2FU~8ND_j07INU0j.4.5kXaO</Secret>
    </Authentication>
    <Authentication id="JBS-BT-006">
      <AppId>1eedd29d-e192-4484-ad24-cbc96458f0c7</AppId>
      <Secret>phDhkzhk~_2FU~8ND_j07INU0j.4.5kXaO</Secret>
    </Authentication>
    <Authentication id="JBS-BT-007">
      <AppId>1eedd29d-e192-4484-ad24-cbc96458f0c7</AppId>
      <Secret>phDhkzhk~_2FU~8ND_j07INU0j.4.5kXaO</Secret>
    </Authentication>
    <Authentication id="JBS-BT-008">
      <AppId>1eedd29d-e192-4484-ad24-cbc96458f0c7</AppId>
      <Secret>phDhkzhk~_2FU~8ND_j07INU0j.4.5kXaO</Secret>
    </Authentication>
    <Authentication id="JBS-BT-009">
      <AppId>1eedd29d-e192-4484-ad24-cbc96458f0c7</AppId>
      <Secret>phDhkzhk~_2FU~8ND_j07INU0j.4.5kXaO</Secret>
    </Authentication>
    <Authentication id="JBS-BT-010">
      <AppId>1eedd29d-e192-4484-ad24-cbc96458f0c7</AppId>
      <Secret>phDhkzhk~_2FU~8ND_j07INU0j.4.5kXaO</Secret>
    </Authentication>
    <Authentication id="JBS-BT-011">
      <AppId>1eedd29d-e192-4484-ad24-cbc96458f0c7</AppId>
      <Secret>phDhkzhk~_2FU~8ND_j07INU0j.4.5kXaO</Secret>
    </Authentication>
    <Authentication id="JBS-BT-012">
      <AppId>1eedd29d-e192-4484-ad24-cbc96458f0c7</AppId>
      <Secret>phDhkzhk~_2FU~8ND_j07INU0j.4.5kXaO</Secret>
    </Authentication>
    <Authentication id="JBS-BT-013">
      <AppId>1eedd29d-e192-4484-ad24-cbc96458f0c7</AppId>
      <Secret>phDhkzhk~_2FU~8ND_j07INU0j.4.5kXaO</Secret>
    </Authentication>
    <Authentication id="JBS-BT-014">
      <AppId>1eedd29d-e192-4484-ad24-cbc96458f0c7</AppId>
      <Secret>phDhkzhk~_2FU~8ND_j07INU0j.4.5kXaO</Secret>
    </Authentication>
    <Authentication id="JBS-BT-015">
      <AppId>1eedd29d-e192-4484-ad24-cbc96458f0c7</AppId>
      <Secret>phDhkzhk~_2FU~8ND_j07INU0j.4.5kXaO</Secret>
    </Authentication>
    <Authentication id="JBS-BT-016">
      <AppId>1eedd29d-e192-4484-ad24-cbc96458f0c7</AppId>
      <Secret>phDhkzhk~_2FU~8ND_j07INU0j.4.5kXaO</Secret>
    </Authentication>
    <Authentication id="JBS-BT-017">
      <AppId>1eedd29d-e192-4484-ad24-cbc96458f0c7</AppId>
      <Secret>phDhkzhk~_2FU~8ND_j07INU0j.4.5kXaO</Secret>
    </Authentication>
    <Authentication id="JBS-BT-018">
      <AppId>1eedd29d-e192-4484-ad24-cbc96458f0c7</AppId>
      <Secret>phDhkzhk~_2FU~8ND_j07INU0j.4.5kXaO</Secret>
    </Authentication>
    <Authentication id="JBS-BT-019">
      <AppId>1eedd29d-e192-4484-ad24-cbc96458f0c7</AppId>
      <Secret>phDhkzhk~_2FU~8ND_j07INU0j.4.5kXaO</Secret>
    </Authentication>
    <Authentication id="JBS-BT-020">
      <AppId>1eedd29d-e192-4484-ad24-cbc96458f0c7</AppId>
      <Secret>phDhkzhk~_2FU~8ND_j07INU0j.4.5kXaO</Secret>
    </Authentication>
    <Authentication id="JBS-BT-021">
      <AppId>1eedd29d-e192-4484-ad24-cbc96458f0c7</AppId>
      <Secret>phDhkzhk~_2FU~8ND_j07INU0j.4.5kXaO</Secret>
    </Authentication>
    <Authentication id="JBS-BT-022">
      <AppId>1eedd29d-e192-4484-ad24-cbc96458f0c7</AppId>
      <Secret>phDhkzhk~_2FU~8ND_j07INU0j.4.5kXaO</Secret>
    </Authentication>
    <Authentication id="JBS-BT-023">
      <AppId>1eedd29d-e192-4484-ad24-cbc96458f0c7</AppId>
      <Secret>phDhkzhk~_2FU~8ND_j07INU0j.4.5kXaO</Secret>
    </Authentication>
    <Authentication id="JBS-BT-024">
      <AppId>1eedd29d-e192-4484-ad24-cbc96458f0c7</AppId>
      <Secret>phDhkzhk~_2FU~8ND_j07INU0j.4.5kXaO</Secret>
    </Authentication>
    <Authentication id="JBS_BT_025">
      <AppId>1eedd29d-e192-4484-ad24-cbc96458f0c7</AppId>
      <Secret>phDhkzhk~_2FU~8ND_j07INU0j.4.5kXaO</Secret>
    </Authentication>
    <Authentication id="JBS_BT_026">
      <AppId>1eedd29d-e192-4484-ad24-cbc96458f0c7</AppId>
      <Secret>phDhkzhk~_2FU~8ND_j07INU0j.4.5kXaO</Secret>
    </Authentication>
    <Authentication id="JBS_BT_027">
      <AppId>1eedd29d-e192-4484-ad24-cbc96458f0c7</AppId>
      <Secret>phDhkzhk~_2FU~8ND_j07INU0j.4.5kXaO</Secret>
    </Authentication>
    <Authentication id="JBS_BT_028">
      <AppId>1eedd29d-e192-4484-ad24-cbc96458f0c7</AppId>
      <Secret>phDhkzhk~_2FU~8ND_j07INU0j.4.5kXaO</Secret>
    </Authentication>
    <Authentication id="JBS_BT_029">
      <AppId>1eedd29d-e192-4484-ad24-cbc96458f0c7</AppId>
      <Secret>phDhkzhk~_2FU~8ND_j07INU0j.4.5kXaO</Secret>
    </Authentication>
    <Authentication id="JBS_BT_033">
      <AppId>1eedd29d-e192-4484-ad24-cbc96458f0c7</AppId>
      <Secret>phDhkzhk~_2FU~8ND_j07INU0j.4.5kXaO</Secret>
    </Authentication>
    <Authentication id="JBS_BT_034">
      <AppId>1eedd29d-e192-4484-ad24-cbc96458f0c7</AppId>
      <Secret>phDhkzhk~_2FU~8ND_j07INU0j.4.5kXaO</Secret>
    </Authentication>
    <Authentication id="JBS-BT-035">
      <AppId>1eedd29d-e192-4484-ad24-cbc96458f0c7</AppId>
      <Secret>phDhkzhk~_2FU~8ND_j07INU0j.4.5kXaO</Secret>
    </Authentication>
    <Authentication id="JBS_KN_001">
      <AppId>1eedd29d-e192-4484-ad24-cbc96458f0c7</AppId>
      <Secret>phDhkzhk~_2FU~8ND_j07INU0j.4.5kXaO</Secret>
    </Authentication>
    <Authentication id="JBS_KN_002">
      <AppId>1eedd29d-e192-4484-ad24-cbc96458f0c7</AppId>
      <Secret>phDhkzhk~_2FU~8ND_j07INU0j.4.5kXaO</Secret>
    </Authentication>
    <Authentication id="JBS_KN_003">
      <AppId>1eedd29d-e192-4484-ad24-cbc96458f0c7</AppId>
      <Secret>phDhkzhk~_2FU~8ND_j07INU0j.4.5kXaO</Secret>
    </Authentication>
    <Authentication id="JBS_KN_004">
      <AppId>1eedd29d-e192-4484-ad24-cbc96458f0c7</AppId>
      <Secret>phDhkzhk~_2FU~8ND_j07INU0j.4.5kXaO</Secret>
    </Authentication>
    <Authentication id="JBS_KN_005">
      <AppId>52da8f1c-eb0b-475e-a1bf-61c39a74daca</AppId>
      <Secret>co.iK-xDe1Y_cN46.a0~l9BpneVv11.9.4</Secret>
    </Authentication>
  </Authentications>
</Configuration>