﻿<Configuration>
  <InputFilePath>BatchFileInput/JBS-BT-107</InputFilePath>
  <BackupPath>BatchFileBackup/JBS-BT-107</BackupPath>
  <ErrorPath>BatchFileError/JBS-BT-107</ErrorPath>
  <ThreadCount>5</ThreadCount>
  <BlockCount>100</BlockCount>
  <FileEncode>SJIS</FileEncode>
  <HaveTitle>TRUE</HaveTitle>
  <KeyFilePath>BatchKeyFiles</KeyFilePath>
  <KeyFiles>
    <KeyFile>systemuser</KeyFile>
    <KeyFile>account</KeyFile>
    <KeyFile>tsb_organization_structure</KeyFile>
    <KeyFile>tsb_info_da</KeyFile>
    <KeyFile>tsb_detail_loan</KeyFile>
    <KeyFile>tsb_term_monitoring</KeyFile>
    <KeyFile>tsb_info_cras</KeyFile>
  </KeyFiles>
  <LogicName>tsb_term_monitoring</LogicName>
  <NeedDelete>FALSE</NeedDelete>
  <NeedInactive>FALSE</NeedInactive>
  <SelfLookup>TRUE</SelfLookup>
  <SetOwner>FALSE</SetOwner>
  <OwnerSkip>FALSE</OwnerSkip>
  <SpecificUser>crmstub</SpecificUser>
  <SpecificDaNum>99999</SpecificDaNum>
  <Keys>
    <Key>
      <CrmColumn>[REQ]tsb_slt_num_info</CrmColumn>
      <CsvColumn>m_tsb_slt_num_info</CsvColumn>
    </Key>
  </Keys>
  <Headers>
    <Header LogicName="m_createdon" DisplayName="作成日" />
    <Header LogicName="m_statecode" DisplayName="状態" />
    <Header LogicName="m_statuscode" DisplayName="ステータス(標準)" />
    <Header LogicName="m_tsb_date" DisplayName="年月日" />
    <Header LogicName="m_tsb_date_check" DisplayName="確認日" />
    <Header LogicName="m_tsb_date_delete" DisplayName="削除日" />
    <Header LogicName="m_tsb_date_delete_request" DisplayName="削除依頼日" />
    <Header LogicName="m_tsb_date_fulfill_check_end" DisplayName="履行確認終了日" />
    <Header LogicName="m_tsb_date_fulfill_check_start" DisplayName="履行確認開始日" />
    <Header LogicName="m_tsb_int_date_fulfill_check" DisplayName="履行確認日" />
    <Header LogicName="m_tsb_lup_checker" DisplayName="確認者" />
    <Header LogicName="m_tsb_lup_dalete_requester" DisplayName="削除依頼者" />
    <Header LogicName="m_tsb_lup_judge_responsible_line_workflow" DisplayName="審査担当ライン" />
    <Header LogicName="m_tsb_lup_num_da" DisplayName="DA番号" />
    <Header LogicName="m_tsb_lup_num_loan_branch" DisplayName="融資番号_店番" />
    <Header LogicName="m_tsb_lup_num_loan_customer" DisplayName="融資番号_顧客番号" />
    <Header LogicName="m_tsb_lup_num_loan_kamoku" DisplayName="融資番号_科目" />
    <Header LogicName="m_tsb_lup_num_loan" DisplayName="融資番号" />
    <Header LogicName="m_tsb_mlt_content" DisplayName="内容" />
    <Header LogicName="m_tsb_mlt_delete_reason" DisplayName="削除理由(テキスト)" />
    <Header LogicName="m_tsb_mlt_note" DisplayName="備考" />
    <Header LogicName="m_tsb_ops_attribute" DisplayName="属性" />
    <Header LogicName="m_tsb_ops_delete_reason" DisplayName="削除理由(オプションセット)" />
    <Header LogicName="m_tsb_ops_status" DisplayName="ステータス" />
    <Header LogicName="m_tsb_ops_type_date" DisplayName="日付区分" />
    <Header LogicName="m_tsb_ops_type_holiday" DisplayName="休日区分" />
    <Header LogicName="m_tsb_ops_type_period" DisplayName="期日種別" />
    <Header LogicName="m_tsb_slt_num_branch" DisplayName="店番" />
    <Header LogicName="m_tsb_slt_num_customer" DisplayName="顧客番号" />
    <Header LogicName="m_tsb_slt_num_da_old" DisplayName="旧DA番号" />
    <Header LogicName="m_tsb_slt_num_info" DisplayName="情報番号" />
    <Header LogicName="m_tsb_top_monthly" DisplayName="毎月" />
    <Header LogicName="m_tsb_top_jan" DisplayName="01月" />
    <Header LogicName="m_tsb_top_feb" DisplayName="02月" />
    <Header LogicName="m_tsb_top_mar" DisplayName="03月" />
    <Header LogicName="m_tsb_top_apr" DisplayName="04月" />
    <Header LogicName="m_tsb_top_may" DisplayName="05月" />
    <Header LogicName="m_tsb_top_jun" DisplayName="06月" />
    <Header LogicName="m_tsb_top_jul" DisplayName="07月" />
    <Header LogicName="m_tsb_top_aug" DisplayName="08月" />
    <Header LogicName="m_tsb_top_sep" DisplayName="09月" />
    <Header LogicName="m_tsb_top_oct" DisplayName="10月" />
    <Header LogicName="m_tsb_top_nov" DisplayName="11月" />
    <Header LogicName="m_tsb_top_dec" DisplayName="12月" />
    <Header LogicName="m_tsb_top_period_list_exclud" DisplayName="期日リスト対象外" />
    <Header LogicName="m_tsb_top_period_list_created" DisplayName="期日リスト作成済" />
    <Header LogicName="m_tsb_ops_code_country" DisplayName="国(祝日)" />
    <Header LogicName="m_tsb_mlt_migration_remarks" DisplayName="移行メモ" />
  </Headers>
  <Fields>

    <Field>
      <CrmColumn skip="true">tsb_lup_num_loan</CrmColumn>
      <CsvColumn>tsb_slt_num_branch,tsb_slt_num_customer,tsb_slt_sbj,tsb_slt_num_loan;m_tsb_lup_num_loan_branch,m_tsb_lup_num_loan_customer,m_tsb_lup_num_loan_kamoku,m_tsb_lup_num_loan</CsvColumn>
    </Field>
    
  </Fields>
</Configuration>
