<Configuration>
  <InputFilePath>BatchFileInput/JBS-BT-109</InputFilePath>
  <BackupPath>BatchFileBackup/JBS-BT-109</BackupPath>
  <ErrorPath>BatchFileError/JBS-BT-109</ErrorPath>
  <ThreadCount>5</ThreadCount>
  <BlockCount>100</BlockCount>
  <FileEncode>SJIS</FileEncode>
  <HaveTitle>TRUE</HaveTitle>
  <KeyFilePath>BatchKeyFiles</KeyFilePath>
  <KeyFiles>
    <KeyFile>systemuser</KeyFile>
    <KeyFile>account</KeyFile>
    <KeyFile>tsb_organization_structure</KeyFile>
    <KeyFile>tsb_amo_responsible</KeyFile>
    <KeyFile>tsb_code_am</KeyFile>
    <KeyFile>tsb_info_da</KeyFile>
    <KeyFile>tsb_term_covenants</KeyFile>
    <KeyFile>tsb_term_other_period</KeyFile>
    <KeyFile>tsb_term_monitoring</KeyFile>
    <KeyFile>tsb_detail_loan</KeyFile>
    <KeyFile>tsb_branch</KeyFile>
    <KeyFile>tsb_period_list</KeyFile>
  </KeyFiles>
  <LogicName>tsb_period_list</LogicName>
  <NeedDelete>FALSE</NeedDelete>
  <NeedInactive>FALSE</NeedInactive>
  <SelfLookup>TRUE</SelfLookup>
  <SetOwner>FALSE</SetOwner>
  <OwnerSkip>FALSE</OwnerSkip>
  <SpecificUser>crmstub</SpecificUser>
  <SpecificDaNum>99999</SpecificDaNum>
  <Keys>
    <Key>
      <CrmColumn>tsb_lup_term_covenants</CrmColumn>
      <CsvColumn>tsb_slt_num_info;m_tsb_lup_term_covenants</CsvColumn>
    </Key>
    <Key>
      <CrmColumn>tsb_lup_term_monitoring</CrmColumn>
      <CsvColumn>tsb_slt_num_info;m_tsb_lup_term_monitoring</CsvColumn>
    </Key>
    <Key>
      <CrmColumn>tsb_lup_term_other_period</CrmColumn>
      <CsvColumn>tsb_slt_num_info;m_tsb_lup_term_other_period</CsvColumn>
    </Key>
    <Key>
      <CrmColumn>tsb_slt_num_target</CrmColumn>
      <CsvColumn>m_tsb_slt_num_target</CsvColumn>
    </Key>
  </Keys>
  <Headers>
    <Header LogicName="m_createdon" DisplayName="作成日" />
    <Header LogicName="m_statecode" DisplayName="状態" />
    <Header LogicName="m_statuscode" DisplayName="ステータス(標準)" />
    <Header LogicName="m_tsb_date_amo_check" DisplayName="ミドル確認日" />
    <Header LogicName="m_tsb_date_amo_check_conflict" DisplayName="ミドル確認日(抵触)" />
    <Header LogicName="m_tsb_date_conflict" DisplayName="抵触日" />
    <Header LogicName="m_tsb_date_conflict_cancel" DisplayName="抵触解消日" />
    <Header LogicName="m_tsb_date_conflict_info_entry" DisplayName="抵触情報登録日" />
    <Header LogicName="m_tsb_date_front_approval" DisplayName="フロント承認日" />
    <Header LogicName="m_tsb_date_frot_approval_conflict" DisplayName="フロント承認日(抵触)" />
    <Header LogicName="m_tsb_date_front_check1" DisplayName="フロント確認日1" />
    <Header LogicName="m_tsb_date_front_check1_conflict" DisplayName="フロント確認日1(抵触)" />
    <Header LogicName="m_tsb_date_fulfill" DisplayName="履行日" />
    <Header LogicName="m_tsb_date_fulfill_entry" DisplayName="履行登録日" />
    <Header LogicName="m_tsb_date_fulfill_period" DisplayName="履行期日" />
    <Header LogicName="m_tsb_date_judge_check1" DisplayName="審査確認日1" />
    <Header LogicName="m_tsb_date_judge_responsible_entry" DisplayName="審査担当登録日" />
    <Header LogicName="m_tsb_date_judge_responsible_entry_conflict" DisplayName="審査担当登録日(抵触)" />
    <Header LogicName="m_tsb_date_maintenance_period" DisplayName="整備期日" />
    <Header LogicName="m_tsb_lup_amo_checker" DisplayName="ミドル確認者" />
    <Header LogicName="m_tsb_lup_amo_checker_conflict" DisplayName="ミドル確認者(抵触)" />
    <Header LogicName="m_tsb_lup_amo_responsible" DisplayName="ミドル担当" />
    <Header LogicName="m_tsb_lup_conflict_info_registant" DisplayName="抵触情報登録者" />
    <Header LogicName="m_tsb_lup_end_notifier" DisplayName="終了通知者" />
    <Header LogicName="m_tsb_lup_front_approver" DisplayName="フロント承認者" />
    <Header LogicName="m_tsb_lup_front_approver_conflict" DisplayName="フロント承認者(抵触)" />
    <Header LogicName="m_tsb_lup_front_checker1" DisplayName="フロント確認者1" />
    <Header LogicName="m_tsb_lup_front_checker2" DisplayName="フロント確認者2" />
    <Header LogicName="m_tsb_lup_fulfill_entry" DisplayName="履行登録者" />
    <Header LogicName="m_tsb_lup_judge_checker1" DisplayName="審査確認者1" />
    <Header LogicName="m_tsb_lup_judge_checker2" DisplayName="審査確認者2" />
    <Header LogicName="m_tsb_lup_judge_responsible" DisplayName="審査担当者(基本)" />
    <Header LogicName="m_tsb_lup_judge_responsible_conflict" DisplayName="審査担当者(抵触)" />
    <Header LogicName="m_tsb_lup_judge_responsible_fulfill" DisplayName="審査担当者(履行)" />
    <Header LogicName="m_tsb_lup_judge_responsible_team" DisplayName="審査担当ライン" />
    <Header LogicName="m_tsb_lup_num_copy_info_covenants" DisplayName="Copy元情報番号(コベナンツ条件)" />
    <Header LogicName="m_tsb_lup_num_copy_info_monitoring" DisplayName="Copy元情報番号(モニタリング条件)" />
    <Header LogicName="m_tsb_lup_num_copy_info_other" DisplayName="Copy元情報番号(その他期日条件)" />
    <Header LogicName="m_tsb_lup_num_da" DisplayName="DA番号" />
    <Header LogicName="m_tsb_lup_num_loan_branch" DisplayName="融資番号_店番" />
    <Header LogicName="m_tsb_lup_num_loan_customer" DisplayName="融資番号_顧客番号" />
    <Header LogicName="m_tsb_lup_num_loan_kamoku" DisplayName="融資番号_科目" />
    <Header LogicName="m_tsb_lup_num_loan" DisplayName="融資番号" />
    <Header LogicName="m_tsb_lup_term_covenants" DisplayName="コベナンツ条件" />
    <Header LogicName="m_tsb_lup_term_monitoring" DisplayName="モニタリング条件" />
    <Header LogicName="m_tsb_lup_term_other_period" DisplayName="その他期日条件" />
    <Header LogicName="m_tsb_mlt_content" DisplayName="内容" />
    <Header LogicName="m_tsb_mlt_correspondence_policy" DisplayName="対応方針" />
    <Header LogicName="m_tsb_mlt_note" DisplayName="メモ" />
    <Header LogicName="m_tsb_mlt_status" DisplayName="状況" />
    <Header LogicName="m_tsb_mlt_supplement" DisplayName="補足" />
    <Header LogicName="m_tsb_ops_attribute_covenants" DisplayName="属性(コベナンツ条件)" />
    <Header LogicName="m_tsb_ops_attribute_monitoring" DisplayName="属性(モニタリング条件)" />
    <Header LogicName="m_tsb_ops_attribute_other" DisplayName="属性(その他期日条件)" />
    <Header LogicName="m_tsb_ops_detail_attribute" DisplayName="属性詳細" />
    <Header LogicName="m_tsb_ops_fulfill_result" DisplayName="履行結果" />
    <Header LogicName="m_tsb_ops_status" DisplayName="ステータス" />
    <Header LogicName="m_tsb_ops_term_unit" DisplayName="条件単位" />
    <Header LogicName="m_tsb_ops_type_info" DisplayName="情報種類" />
    <Header LogicName="m_tsb_slt_name_responsible" DisplayName="担当者名" />
    <Header LogicName="m_tsb_slt_num_branch" DisplayName="店番" />
    <Header LogicName="m_tsb_slt_num_customer" DisplayName="顧客番号" />
    <Header LogicName="m_tsb_slt_num_da_old" DisplayName="旧DA番号" />
    <Header LogicName="m_tsb_slt_num_target" DisplayName="対象年月" />
    <Header LogicName="m_tsb_top_amo_check" DisplayName="ミドル確認" />
    <Header LogicName="m_tsb_top_amo_check_conflict" DisplayName="ミドル確認(抵触)" />
    <Header LogicName="m_tsb_top_evidence_check" DisplayName="エビデンス確認" />
    <Header LogicName="m_tsb_top_evidence_check_conflict" DisplayName="エビデンス確認(抵触)" />
    <Header LogicName="m_tsb_mlt_migration_remarks" DisplayName="移行メモ" />
  </Headers>
  <Fields>
    
    <Field>
      <CrmColumn skip="true">tsb_lup_num_loan</CrmColumn>
      <CsvColumn>tsb_slt_num_branch,tsb_slt_num_customer,tsb_slt_sbj,tsb_slt_num_loan;m_tsb_lup_num_loan_branch,m_tsb_lup_num_loan_customer,m_tsb_lup_num_loan_kamoku,m_tsb_lup_num_loan</CsvColumn>
    </Field>
    
  </Fields>
</Configuration>