﻿<Configuration>
  <InputFilePath>BatchFileInput/JBS-BT-105</InputFilePath>
  <BackupPath>BatchFileBackup/JBS-BT-105</BackupPath>
  <ErrorPath>BatchFileError/JBS-BT-105</ErrorPath>
  <ThreadCount>5</ThreadCount>
  <BlockCount>100</BlockCount>
  <FileEncode>SJIS</FileEncode>
  <HaveTitle>TRUE</HaveTitle>
  <KeyFilePath>BatchKeyFiles</KeyFilePath>
  <KeyFiles>
    <KeyFile>systemuser</KeyFile>
    <KeyFile>tsb_organization_structure</KeyFile>
    <KeyFile>account</KeyFile>
    <KeyFile>tsb_response_record</KeyFile>
    <KeyFile>tsb_execution_pipeline</KeyFile>
  </KeyFiles>
  <LogicName>tsb_response_record</LogicName>
  <NeedDelete>FALSE</NeedDelete>
  <NeedInactive>FALSE</NeedInactive>
  <SetOwner>TRUE</SetOwner>
  <OwnerSkip>FALSE</OwnerSkip>
  <SelfLookup>TRUE</SelfLookup>
  <SpecificUser>crmstub</SpecificUser>
  <Keys>
    <Key>
      <CrmColumn>[REQ]tsb_slt_num_response_record</CrmColumn>
      <CsvColumn>m_tsb_slt_num_response_record</CsvColumn>
    </Key>
  </Keys>
  <Headers>
    <Header LogicName="m_createdon" DisplayName="作成日" />
    <Header LogicName="m_ownerid" DisplayName="所有者" />
    <Header LogicName="m_statecode" DisplayName="状態" />
    <Header LogicName="m_statuscode" DisplayName="ステータス" />
    <Header LogicName="m_tsb_date_afterverify" DisplayName="事後検証日" />
    <Header LogicName="m_tsb_date_afterverify_last_check" DisplayName="事後検証(最終)確認日" />
    <Header LogicName="m_tsb_date_approver1_check" DisplayName="承認者(1)確認日" />
    <Header LogicName="m_tsb_date_approver2_check" DisplayName="承認者(2)確認日" />
    <Header LogicName="m_tsb_date_front_check" DisplayName="フロント確認日" />
    <Header LogicName="m_tsb_date_reception_start" DisplayName="応対日時(始)" />
    <Header LogicName="m_tsb_lup_afterverifier" DisplayName="事後検証者" />
    <Header LogicName="m_tsb_lup_afterverify_last_checker" DisplayName="事後検証(最終)確認者" />
    <Header LogicName="m_tsb_lup_code_responsible" DisplayName="担当者コード" />
    <Header LogicName="m_tsb_lup_front_checker" DisplayName="フロント確認者" />
    <Header LogicName="m_tsb_lup_name_fund_branch_num" DisplayName="ファンド名_店番" />
    <Header LogicName="m_tsb_lup_name_fund_customer_num" DisplayName="ファンド名_顧客番号" />
    <Header LogicName="m_tsb_lup_num_copy_response_record" DisplayName="Copy元応対記録番号" />
    <Header LogicName="m_tsb_lup_pipeline1" DisplayName="パイプライン1" />
    <Header LogicName="m_tsb_lup_reception_responsible" DisplayName="応対担当者" />
    <Header LogicName="m_tsb_lup_review_request_senior1" DisplayName="レビュー依頼(上席1)" />
    <Header LogicName="m_tsb_lup_review_request_senior2" DisplayName="レビュー依頼(上席2)" />
    <Header LogicName="m_tsb_mlt_afterverify_last_check_comment" DisplayName="事後検証(最終)コメント" />
    <Header LogicName="m_tsb_mlt_approver1_comment" DisplayName="承認者(1)コメント" />
    <Header LogicName="m_tsb_mlt_approver2_comment" DisplayName="承認者(2)コメント" />
    <Header LogicName="m_tsb_mlt_attendees_partner" DisplayName="出席者(先方)" />
    <Header LogicName="m_tsb_mlt_attendees_us" DisplayName="出席者(当方)" />
    <Header LogicName="m_tsb_mlt_data_free_comment" DisplayName="受渡し資料等フリーコメント" />
    <Header LogicName="m_tsb_mlt_front_check_result" DisplayName="フロント確認結果" />
    <Header LogicName="m_tsb_mlt_negotiate_content" DisplayName="交渉内容" />
    <Header LogicName="m_tsb_mlt_responsible_answer1" DisplayName="担当者回答(1)" />
    <Header LogicName="m_tsb_mlt_responsible_answer2" DisplayName="担当者回答(2)" />
    <Header LogicName="m_tsb_mlt_responsible_opinion" DisplayName="担当者意見" />
    <Header LogicName="m_tsb_ops_approver1_review_result" DisplayName="承認者(1)レビュー結果" />
    <Header LogicName="m_tsb_ops_approver2_review_result" DisplayName="承認者(2)レビュー結果" />
    <Header LogicName="m_tsb_ops_fgnbank_agent" DisplayName="外国銀行代理業" />
    <Header LogicName="m_tsb_ops_method" DisplayName="手段" />
    <Header LogicName="m_tsb_ops_reception_location" DisplayName="応対場所" />
    <Header LogicName="m_tsb_ops_reception_result" DisplayName="応対結果" />
    <Header LogicName="m_tsb_ops_reception_time" DisplayName="応対時間" />
    <Header LogicName="m_tsb_ops_response_purpose" DisplayName="応対目的" />
    <Header LogicName="m_tsb_ops_status_underway" DisplayName="進捗状況" />
    <Header LogicName="m_tsb_ops_verify_result" DisplayName="検証結果" />
    <Header LogicName="m_tsb_slt_approver1" DisplayName="承認者(1)" />
    <Header LogicName="m_tsb_slt_approver2" DisplayName="承認者(2)" />
    <Header LogicName="m_tsb_slt_businessunit_create" DisplayName="部門(作成時)" />
    <Header LogicName="m_tsb_slt_department_create" DisplayName="部(作成時)" />
    <Header LogicName="m_tsb_slt_line_create" DisplayName="ライン(作成時)" />
    <Header LogicName="m_tsb_slt_num_branch" DisplayName="店番" />
    <Header LogicName="m_tsb_slt_num_customer" DisplayName="顧客番号" />
    <Header LogicName="m_tsb_slt_num_response_record" DisplayName="応対記録番号" />
    <Header LogicName="m_tsb_slt_reception_responsible_create" DisplayName="応対担当者(作成時)" />
    <Header LogicName="m_tsb_top_fgnbank_agent_explainmediation" DisplayName="外国銀行代理業(媒介説明)" />
    <Header LogicName="m_tsb_top_fgnbank_agent_explainname" DisplayName="外国銀行代理業(名称説明)" />
    <Header LogicName="m_tsb_top_flg_afterverify_return" DisplayName="事後検証差戻済フラグ" />
    <Header LogicName="m_tsb_top_insider" DisplayName="インサイダー等極秘情報" />
    <Header LogicName="m_tsb_mlt_migration_remarks" DisplayName="移行メモ" />
  </Headers>
  <Fields>

    <Field>
      <CrmColumn>tsb_lup_num_copy_response_record</CrmColumn>
      <CsvColumn>tsb_slt_num_response_record;m_tsb_lup_num_copy_response_record</CsvColumn>
    </Field>

  </Fields>
</Configuration>