﻿<Configuration>
  <InputFilePath>BatchFileInput/JBS-BT-101</InputFilePath>
  <BackupPath>BatchFileBackup/JBS-BT-101</BackupPath>
  <ErrorPath>BatchFileError/JBS-BT-101</ErrorPath>
  <ThreadCount>5</ThreadCount>
  <BlockCount>100</BlockCount>
  <FileEncode>SJIS</FileEncode>
  <HaveTitle>TRUE</HaveTitle>
  <KeyFilePath>BatchKeyFiles</KeyFilePath>
  <KeyFiles>
    <KeyFile>systemuser</KeyFile>
    <KeyFile>tsb_organization_structure</KeyFile>
    <KeyFile>tsb_amo_responsible</KeyFile>
    <KeyFile>tsb_code_am</KeyFile>
    <KeyFile>tsb_branch</KeyFile>
    <KeyFile>tsb_teikoku_data</KeyFile>
    <KeyFile>account</KeyFile>
  </KeyFiles>
  <LogicName>account</LogicName>
  <NeedDelete>FALSE</NeedDelete>
  <NeedInactive>FALSE</NeedInactive>
  <SetOwner>TRUE</SetOwner>
  <OwnerSkip>FALSE</OwnerSkip>
  <SpecificUser>crmstub</SpecificUser>
  <Keys></Keys>
  <Headers>
    <Header LogicName="m_createdon" DisplayName="作成日" />
    <Header LogicName="m_name" DisplayName="顧客名" />
    <Header LogicName="m_ownerid" DisplayName="所有者" />
    <Header LogicName="m_statecode" DisplayName="状態" />
    <Header LogicName="m_statuscode" DisplayName="ステータス" />
    <Header LogicName="m_tsb_cur_bal_deposit" DisplayName="預金残高" />
    <Header LogicName="m_tsb_cur_bal_deposit_fgncurrency" DisplayName="外貨預金残高" />
    <Header LogicName="m_tsb_cur_bal_liquid_deposit_yen" DisplayName="円貨流動性預金残高" />
    <Header LogicName="m_tsb_cur_bal_loan" DisplayName="融資残高" />
    <Header LogicName="m_tsb_cur_bal_loan_fgncurrency" DisplayName="外貨融資残高" />
    <Header LogicName="m_tsb_cur_bal_loan_yen" DisplayName="円貨融資残高" />
    <Header LogicName="m_tsb_cur_bal_moavg_deposit" DisplayName="預金月中平残" />
    <Header LogicName="m_tsb_cur_bal_moavg_deposit_fgncurrency" DisplayName="外貨預金月中平残" />
    <Header LogicName="m_tsb_cur_bal_moavg_liquiddeposit_yen" DisplayName="円貨流動性預金月中平残" />
    <Header LogicName="m_tsb_cur_bal_moavg_loan" DisplayName="融資月中平残" />
    <Header LogicName="m_tsb_cur_bal_moavg_loan_fgncurrency" DisplayName="外貨融資月中平残" />
    <Header LogicName="m_tsb_cur_bal_moavg_loan_yen" DisplayName="円貨融資月中平残" />
    <Header LogicName="m_tsb_cur_bal_moavg_regulardeposit_yen" DisplayName="円貨定期性預金月中平残" />
    <Header LogicName="m_tsb_cur_bal_regular_deposit_yen" DisplayName="円貨定期性預金残高" />
    <Header LogicName="m_tsb_cur_principal" DisplayName="資本金（千円）" />
    <Header LogicName="m_tsb_cur_sale" DisplayName="売上高（千円）" />
    <Header LogicName="m_tsb_cur_securities_book_value" DisplayName="有価証券簿価" />
    <Header LogicName="m_tsb_cur_securities_face_value" DisplayName="有価証券額面" />
    <Header LogicName="m_tsb_date_customer_info_open" DisplayName="顧客情報開設日" />
    <Header LogicName="m_tsb_date_deposit_loanbal_base" DisplayName="預金/融資残高基準日" />
    <Header LogicName="m_tsb_date_deposit_trade_start" DisplayName="預金取引開始日" />
    <Header LogicName="m_tsb_date_loan_trade_start" DisplayName="融資取引開始日" />
    <Header LogicName="m_tsb_date_mynumber_status_update" DisplayName="マイナンバーステータス徴求更新日" />
    <Header LogicName="m_tsb_date_securities_bal_base" DisplayName="有価証券残高基準日" />
    <Header LogicName="m_tsb_int_num_deposit_account" DisplayName="預金口座数" />
    <Header LogicName="m_tsb_int_num_liquid_account_yen" DisplayName="円貨流動性口座数" />
    <Header LogicName="m_tsb_int_num_loan_account" DisplayName="融資口座数" />
    <Header LogicName="m_tsb_int_num_loan_account_yen" DisplayName="円貨融資口座数" />
    <Header LogicName="m_tsb_int_num_regular_account_yen" DisplayName="円貨定期性口座数" />
    <Header LogicName="m_tsb_int_num_securities" DisplayName="有価証券口数" />
    <Header LogicName="m_tsb_lup_code_responsible" DisplayName="担当者コード" />
    <Header LogicName="m_tsb_lup_middle_responsible_line" DisplayName="ミドル担当ライン" />
    <Header LogicName="m_tsb_lup_name_am_company" DisplayName="AM会社名" />
    <Header LogicName="m_tsb_slt_address" DisplayName="住所" />
    <Header LogicName="m_tsb_slt_code_teikoku_company" DisplayName="帝国企業コード" />
    <Header LogicName="m_tsb_date_create_base" DisplayName="作成基準日" />
    <Header LogicName="m_tsb_slt_date_establish" DisplayName="設立年月" />
    <Header LogicName="m_tsb_slt_date_settlement" DisplayName="決算年月" />
    <Header LogicName="m_tsb_slt_mynumber" DisplayName="マイナンバー" />
    <Header LogicName="m_tsb_slt_name_represent_furigana" DisplayName="フリガナ(代表者名)" />
    <Header LogicName="m_tsb_slt_num_branch" DisplayName="店番" />
    <Header LogicName="m_tsb_slt_num_customer" DisplayName="顧客番号" />
    <Header LogicName="m_tsb_slt_num_employee" DisplayName="従業員数" />
    <Header LogicName="m_tsb_slt_num_post" DisplayName="郵便番号" />
    <Header LogicName="m_tsb_slt_num_tel" DisplayName="電話番号" />
    <Header LogicName="m_tsb_slt_represent" DisplayName="代表者" />
    <Header LogicName="m_tsb_slt_status_mynumber_demand" DisplayName="マイナンバー徴求ステータス" />
    <Header LogicName="m_tsb_top_insider" DisplayName="インサイダー等極秘情報" />
    <Header LogicName="m_yominame" DisplayName="フリガナ (顧客名)" />
    <Header LogicName="m_tsb_mlt_migration_remarks" DisplayName="移行メモ" />
  </Headers>
  <Fields>
    <Field>
      <CrmColumn>overriddencreatedon</CrmColumn>
      <CsvColumn>m_createdon</CsvColumn>
    </Field>
    <Field>
      <CrmColumn>name</CrmColumn>
      <CsvColumn>m_name</CsvColumn>
    </Field>
    <Field>
      <CrmColumn>statecode</CrmColumn>
      <CsvColumn>m_statecode</CsvColumn>
    </Field>
    <Field>
      <CrmColumn>statuscode</CrmColumn>
      <CsvColumn>m_statuscode</CsvColumn>
    </Field>
    <Field>
      <CrmColumn>tsb_cur_bal_deposit</CrmColumn>
      <CsvColumn>m_tsb_cur_bal_deposit</CsvColumn>
    </Field>
    <Field>
      <CrmColumn>tsb_cur_bal_deposit_fgncurrency</CrmColumn>
      <CsvColumn>m_tsb_cur_bal_deposit_fgncurrency</CsvColumn>
    </Field>
    <Field>
      <CrmColumn>tsb_cur_bal_liquid_deposit_yen</CrmColumn>
      <CsvColumn>m_tsb_cur_bal_liquid_deposit_yen</CsvColumn>
    </Field>
    <Field>
      <CrmColumn>tsb_cur_bal_loan</CrmColumn>
      <CsvColumn>m_tsb_cur_bal_loan</CsvColumn>
    </Field>
    <Field>
      <CrmColumn>tsb_cur_bal_loan_fgncurrency</CrmColumn>
      <CsvColumn>m_tsb_cur_bal_loan_fgncurrency</CsvColumn>
    </Field>
    <Field>
      <CrmColumn>tsb_cur_bal_loan_yen</CrmColumn>
      <CsvColumn>m_tsb_cur_bal_loan_yen</CsvColumn>
    </Field>
    <Field>
      <CrmColumn>tsb_cur_bal_moavg_deposit</CrmColumn>
      <CsvColumn>m_tsb_cur_bal_moavg_deposit</CsvColumn>
    </Field>
    <Field>
      <CrmColumn>tsb_cur_bal_moavg_deposit_fgncurrency</CrmColumn>
      <CsvColumn>m_tsb_cur_bal_moavg_deposit_fgncurrency</CsvColumn>
    </Field>
    <Field>
      <CrmColumn>tsb_cur_bal_moavg_liquiddeposit_yen</CrmColumn>
      <CsvColumn>m_tsb_cur_bal_moavg_liquiddeposit_yen</CsvColumn>
    </Field>
    <Field>
      <CrmColumn>tsb_cur_bal_moavg_loan</CrmColumn>
      <CsvColumn>m_tsb_cur_bal_moavg_loan</CsvColumn>
    </Field>
    <Field>
      <CrmColumn>tsb_cur_bal_moavg_loan_fgncurrency</CrmColumn>
      <CsvColumn>m_tsb_cur_bal_moavg_loan_fgncurrency</CsvColumn>
    </Field>
    <Field>
      <CrmColumn>tsb_cur_bal_moavg_loan_yen</CrmColumn>
      <CsvColumn>m_tsb_cur_bal_moavg_loan_yen</CsvColumn>
    </Field>
    <Field>
      <CrmColumn>tsb_cur_bal_moavg_regulardeposit_yen</CrmColumn>
      <CsvColumn>m_tsb_cur_bal_moavg_regulardeposit_yen</CsvColumn>
    </Field>
    <Field>
      <CrmColumn>tsb_cur_bal_regular_deposit_yen</CrmColumn>
      <CsvColumn>m_tsb_cur_bal_regular_deposit_yen</CsvColumn>
    </Field>
    <Field>
      <CrmColumn>tsb_cur_principal</CrmColumn>
      <CsvColumn>m_tsb_cur_principal</CsvColumn>
    </Field>
    <Field>
      <CrmColumn>tsb_cur_sale</CrmColumn>
      <CsvColumn>m_tsb_cur_sale</CsvColumn>
    </Field>
    <Field>
      <CrmColumn>tsb_cur_securities_book_value</CrmColumn>
      <CsvColumn>m_tsb_cur_securities_book_value</CsvColumn>
    </Field>
    <Field>
      <CrmColumn>tsb_cur_securities_face_value</CrmColumn>
      <CsvColumn>m_tsb_cur_securities_face_value</CsvColumn>
    </Field>
    <Field>
      <CrmColumn>tsb_date_customer_info_open</CrmColumn>
      <CsvColumn>m_tsb_date_customer_info_open</CsvColumn>
    </Field>
    <Field>
      <CrmColumn>tsb_date_deposit_loanbal_base</CrmColumn>
      <CsvColumn>m_tsb_date_deposit_loanbal_base</CsvColumn>
    </Field>
    <Field>
      <CrmColumn>tsb_date_deposit_trade_start</CrmColumn>
      <CsvColumn>m_tsb_date_deposit_trade_start</CsvColumn>
    </Field>
    <Field>
      <CrmColumn>tsb_date_loan_trade_start</CrmColumn>
      <CsvColumn>m_tsb_date_loan_trade_start</CsvColumn>
    </Field>
    <Field>
      <CrmColumn>tsb_date_mynumber_status_update</CrmColumn>
      <CsvColumn>m_tsb_date_mynumber_status_update</CsvColumn>
    </Field>
    <Field>
      <CrmColumn>tsb_date_securities_bal_base</CrmColumn>
      <CsvColumn>m_tsb_date_securities_bal_base</CsvColumn>
    </Field>
    <Field>
      <CrmColumn>tsb_int_num_deposit_account</CrmColumn>
      <CsvColumn>m_tsb_int_num_deposit_account</CsvColumn>
    </Field>
    <Field>
      <CrmColumn>tsb_int_num_liquid_account_yen</CrmColumn>
      <CsvColumn>m_tsb_int_num_liquid_account_yen</CsvColumn>
    </Field>
    <Field>
      <CrmColumn>tsb_int_num_loan_account</CrmColumn>
      <CsvColumn>m_tsb_int_num_loan_account</CsvColumn>
    </Field>
    <Field>
      <CrmColumn>tsb_int_num_loan_account_yen</CrmColumn>
      <CsvColumn>m_tsb_int_num_loan_account_yen</CsvColumn>
    </Field>
    <Field>
      <CrmColumn>tsb_int_num_regular_account_yen</CrmColumn>
      <CsvColumn>m_tsb_int_num_regular_account_yen</CsvColumn>
    </Field>
    <Field>
      <CrmColumn>tsb_int_num_securities</CrmColumn>
      <CsvColumn>m_tsb_int_num_securities</CsvColumn>
    </Field>


    <Field>
      <CrmColumn>tsb_lup_code_responsible</CrmColumn>
      <CsvColumn>tsb_ops_type_organization,tsb_slt_name_or_code;[固定値]100000004,m_tsb_lup_code_responsible</CsvColumn>
    </Field>
    <Field>
      <CrmColumn>tsb_lup_department</CrmColumn>
      <CsvColumn>[LINK];tsb_organization_structure;tsb_lup_department;tsb_ops_type_organization,tsb_slt_name_or_code;[固定値]100000004,m_tsb_lup_code_responsible</CsvColumn>
    </Field>
    <Field>
      <CrmColumn>tsb_lup_line</CrmColumn>
      <CsvColumn>[LINK];tsb_organization_structure;tsb_lup_line;tsb_ops_type_organization,tsb_slt_name_or_code;[固定値]100000004,m_tsb_lup_code_responsible</CsvColumn>
    </Field>
    <Field>
      <CrmColumn>tsb_lup_middle_responsible_line</CrmColumn>
      <CsvColumn>tsb_slt_amo_responsible_line;m_tsb_lup_middle_responsible_line</CsvColumn>
    </Field>
    <Field>
      <CrmColumn>tsb_lup_name_am_company</CrmColumn>
      <CsvColumn>tsb_slt_code_am;m_tsb_lup_name_am_company</CsvColumn>
    </Field>
    <Field>
      <CrmColumn>tsb_lup_name_branch</CrmColumn>
      <CsvColumn>tsb_slt_num_branch;m_tsb_slt_num_branch</CsvColumn>
    </Field>
    <Field>
      <CrmColumn skip="true">tsb_lup_td</CrmColumn>
      <CsvColumn>tsb_slt_code_teikoku_company;m_tsb_slt_code_teikoku_company</CsvColumn>
    </Field>
    <Field>
      <CrmColumn>tsb_slt_address</CrmColumn>
      <CsvColumn>m_tsb_slt_address</CsvColumn>
    </Field>
    <Field>
      <CrmColumn>tsb_slt_code_teikoku_company</CrmColumn>
      <CsvColumn>m_tsb_slt_code_teikoku_company</CsvColumn>
    </Field>
    <Field>
      <CrmColumn>tsb_date_create_base</CrmColumn>
      <CsvColumn>m_tsb_date_create_base</CsvColumn>
    </Field>
    <Field>
      <CrmColumn>tsb_slt_date_establish</CrmColumn>
      <CsvColumn>m_tsb_slt_date_establish</CsvColumn>
    </Field>
    <Field>
      <CrmColumn>tsb_slt_date_settlement</CrmColumn>
      <CsvColumn>m_tsb_slt_date_settlement</CsvColumn>
    </Field>
    <Field>
      <CrmColumn>tsb_slt_mynumber</CrmColumn>
      <CsvColumn>m_tsb_slt_mynumber</CsvColumn>
    </Field>
    <Field>
      <CrmColumn>tsb_slt_name_represent_furigana</CrmColumn>
      <CsvColumn>m_tsb_slt_name_represent_furigana</CsvColumn>
    </Field>
    <Field>
      <CrmColumn>tsb_slt_name_responsible</CrmColumn>
      <CsvColumn>[LINK];tsb_organization_structure;tsb_slt_name_organization;tsb_ops_type_organization,tsb_slt_name_or_code;[固定値]100000004,m_tsb_lup_code_responsible</CsvColumn>
    </Field>
    <Field>
      <CrmColumn>tsb_slt_num_branch</CrmColumn>
      <CsvColumn>m_tsb_slt_num_branch</CsvColumn>
    </Field>
    <Field>
      <CrmColumn>tsb_slt_num_customer</CrmColumn>
      <CsvColumn>m_tsb_slt_num_customer</CsvColumn>
    </Field>
    <Field>
      <CrmColumn>tsb_slt_num_employee</CrmColumn>
      <CsvColumn>m_tsb_slt_num_employee</CsvColumn>
    </Field>
    <Field>
      <CrmColumn>tsb_slt_num_post</CrmColumn>
      <CsvColumn>m_tsb_slt_num_post</CsvColumn>
    </Field>
    <Field>
      <CrmColumn>tsb_slt_num_tel</CrmColumn>
      <CsvColumn>m_tsb_slt_num_tel</CsvColumn>
    </Field>
    <Field>
      <CrmColumn>tsb_slt_represent</CrmColumn>
      <CsvColumn>m_tsb_slt_represent</CsvColumn>
    </Field>
    <Field>
      <CrmColumn>tsb_top_insider</CrmColumn>
      <CsvColumn>m_tsb_top_insider</CsvColumn>
    </Field>
    <Field>
      <CrmColumn>yominame</CrmColumn>
      <CsvColumn>m_yominame</CsvColumn>
    </Field>
    <Field>
      <CrmColumn>tsb_mlt_migration_remarks</CrmColumn>
      <CsvColumn>m_tsb_mlt_migration_remarks</CsvColumn>
    </Field>
  </Fields>
</Configuration>