<Configuration>
  <InputFilePath>BatchFileInput/JBS-BT-102</InputFilePath>
  <BackupPath>BatchFileBackup/JBS-BT-102</BackupPath>
  <ErrorPath>BatchFileError/JBS-BT-102</ErrorPath>
  <ThreadCount>5</ThreadCount>
  <BlockCount>100</BlockCount>
  <FileEncode>SJIS</FileEncode>
  <HaveTitle>TRUE</HaveTitle>
  <KeyFilePath>BatchKeyFiles</KeyFilePath>
  <KeyFiles>
    <KeyFile>systemuser</KeyFile>
    <KeyFile>account</KeyFile>
    <KeyFile>tsb_organization_structure</KeyFile>
  </KeyFiles>
  <LogicName>contact</LogicName>
  <NeedDelete>FALSE</NeedDelete>
  <NeedInactive>FALSE</NeedInactive>
  <SetOwner>TRUE</SetOwner>
  <OwnerSkip>FALSE</OwnerSkip>
  <SpecificUser>crmstub</SpecificUser>
  <Keys></Keys>
  <Headers>
    <Header LogicName="m_overriddencreatedon" DisplayName="作成日" />
    <Header LogicName="m_ownerid" DisplayName="所有者" />
    <Header LogicName="m_statecode" DisplayName="状態" />
    <Header LogicName="m_statuscode" DisplayName="ステータス" />
    <Header LogicName="m_department" DisplayName="部署" />
    <Header LogicName="m_emailaddress1" DisplayName="電子メール" />
    <Header LogicName="m_jobtitle" DisplayName="役職" />
    <Header LogicName="m_lastname" DisplayName="氏名" />
    <Header LogicName="m_mobilephone" DisplayName="携帯電話" />
    <Header LogicName="m_telephone1" DisplayName="勤務先電話番号" />
    <Header LogicName="m_telephone2" DisplayName="自宅電話" />
    <Header LogicName="m_yomifirstname" DisplayName="フリガナ (名)" />
    <Header LogicName="m_yomilastname" DisplayName="フリガナ (氏名)" />
    <Header LogicName="m_fax" DisplayName="FAX" />
    <Header LogicName="m_tsb_lup_code_responsible" DisplayName="担当者コード" />
    <Header LogicName="m_tsb_mlt_contact_note" DisplayName="連絡先特記事項" />
    <Header LogicName="m_tsb_mlt_note" DisplayName="備考" />
    <Header LogicName="m_tsb_slt_address" DisplayName="住所" />
    <Header LogicName="m_tsb_slt_name_office" DisplayName="事業所名" />
    <Header LogicName="m_tsb_slt_num_branch" DisplayName="店番" />
    <Header LogicName="m_tsb_slt_num_customer" DisplayName="顧客番号" />
    <Header LogicName="m_tsb_slt_num_post" DisplayName="郵便番号" />
    <Header LogicName="m_tsb_slt_workplace_dialin" DisplayName="勤務先ダイヤルイン" />
    <Header LogicName="m_tsb_top_insider" DisplayName="インサイダー等極秘情報" />
    <Header LogicName="m_tsb_top_no_contact_fax" DisplayName="連絡禁止(FAX)" />
    <Header LogicName="m_tsb_top_no_contact_home" DisplayName="連絡禁止(自宅電話)" />
    <Header LogicName="m_tsb_top_no_contact_mail1" DisplayName="連絡禁止(電子メール1)" />
    <Header LogicName="m_tsb_top_no_contact_mail2" DisplayName="連絡禁止(電子メール2)" />
    <Header LogicName="m_tsb_top_no_contact_mobile" DisplayName="連絡禁止(携帯電話)" />
    <Header LogicName="m_tsb_top_no_contact_workplace_dialin" DisplayName="連絡禁止(勤務先ダイヤルイン)" />
    <Header LogicName="m_tsb_top_no_contact_workplace_represent" DisplayName="連絡禁止(勤務先代表電話)" />
    <Header LogicName="m_tsb_mlt_migration_remarks" DisplayName="移行メモ" />
  </Headers>
  <Fields>
    <Field>
      <CrmColumn>overriddencreatedon</CrmColumn>
      <CsvColumn>m_overriddencreatedon</CsvColumn>
    </Field>
    <Field>
      <CrmColumn>statecode</CrmColumn>
      <CsvColumn>m_statecode</CsvColumn>
    </Field>
    <Field>
      <CrmColumn>statuscode</CrmColumn>
      <CsvColumn>m_statuscode</CsvColumn>
    </Field>
    <Field>
      <CrmColumn>department</CrmColumn>
      <CsvColumn>m_department</CsvColumn>
    </Field>
    <Field>
      <CrmColumn>emailaddress1</CrmColumn>
      <CsvColumn>m_emailaddress1</CsvColumn>
    </Field>
    <Field>
      <CrmColumn>jobtitle</CrmColumn>
      <CsvColumn>m_jobtitle</CsvColumn>
    </Field>
    <Field>
      <CrmColumn>lastname</CrmColumn>
      <CsvColumn>m_lastname</CsvColumn>
    </Field>
    <Field>
      <CrmColumn>mobilephone</CrmColumn>
      <CsvColumn>m_mobilephone</CsvColumn>
    </Field>
    <Field>
      <CrmColumn>telephone1</CrmColumn>
      <CsvColumn>m_telephone1</CsvColumn>
    </Field>
    <Field>
      <CrmColumn>telephone2</CrmColumn>
      <CsvColumn>m_telephone2</CsvColumn>
    </Field>
    <Field>
      <CrmColumn>yomifirstname</CrmColumn>
      <CsvColumn>m_yomifirstname</CsvColumn>
    </Field>
    <Field>
      <CrmColumn>yomilastname</CrmColumn>
      <CsvColumn>m_yomilastname</CsvColumn>
    </Field>
    <Field>
      <CrmColumn>fax</CrmColumn>
      <CsvColumn>m_fax</CsvColumn>
    </Field>


    <Field>
      <CrmColumn>parentcustomerid</CrmColumn>
      <CsvColumn>tsb_slt_num_branch,tsb_slt_num_customer;m_tsb_slt_num_branch,m_tsb_slt_num_customer</CsvColumn>
    </Field>
    <Field>
      <CrmColumn>tsb_lup_code_responsible</CrmColumn>
      <CsvColumn>tsb_ops_type_organization,tsb_slt_name_or_code;[固定値]100000004,m_tsb_lup_code_responsible</CsvColumn>
    </Field>


    <Field>
      <CrmColumn>tsb_mlt_contact_note</CrmColumn>
      <CsvColumn>m_tsb_mlt_contact_note</CsvColumn>
    </Field>
    <Field>
      <CrmColumn>tsb_mlt_note</CrmColumn>
      <CsvColumn>m_tsb_mlt_note</CsvColumn>
    </Field>
    <Field>
      <CrmColumn>tsb_slt_address</CrmColumn>
      <CsvColumn>m_tsb_slt_address</CsvColumn>
    </Field>
    <Field>
      <CrmColumn>tsb_slt_name_office</CrmColumn>
      <CsvColumn>m_tsb_slt_name_office</CsvColumn>
    </Field>
    <Field>
      <CrmColumn>tsb_slt_num_branch</CrmColumn>
      <CsvColumn>m_tsb_slt_num_branch</CsvColumn>
    </Field>
    <Field>
      <CrmColumn>tsb_slt_num_customer</CrmColumn>
      <CsvColumn>m_tsb_slt_num_customer</CsvColumn>
    </Field>
    <Field>
      <CrmColumn>tsb_slt_num_post</CrmColumn>
      <CsvColumn>m_tsb_slt_num_post</CsvColumn>
    </Field>
    <Field>
      <CrmColumn>tsb_slt_workplace_dialin</CrmColumn>
      <CsvColumn>m_tsb_slt_workplace_dialin</CsvColumn>
    </Field>
    <Field>
      <CrmColumn>tsb_top_insider</CrmColumn>
      <CsvColumn>m_tsb_top_insider</CsvColumn>
    </Field>
    <Field>
      <CrmColumn>tsb_top_no_contact_fax</CrmColumn>
      <CsvColumn>m_tsb_top_no_contact_fax</CsvColumn>
    </Field>
    <Field>
      <CrmColumn>tsb_top_no_contact_home</CrmColumn>
      <CsvColumn>m_tsb_top_no_contact_home</CsvColumn>
    </Field>
    <Field>
      <CrmColumn>tsb_top_no_contact_mail1</CrmColumn>
      <CsvColumn>m_tsb_top_no_contact_mail1</CsvColumn>
    </Field>
    <Field>
      <CrmColumn>tsb_top_no_contact_mail2</CrmColumn>
      <CsvColumn>m_tsb_top_no_contact_mail2</CsvColumn>
    </Field>
    <Field>
      <CrmColumn>tsb_top_no_contact_mobile</CrmColumn>
      <CsvColumn>m_tsb_top_no_contact_mobile</CsvColumn>
    </Field>
    <Field>
      <CrmColumn>tsb_top_no_contact_workplace_dialin</CrmColumn>
      <CsvColumn>m_tsb_top_no_contact_workplace_dialin</CsvColumn>
    </Field>
    <Field>
      <CrmColumn>tsb_top_no_contact_workplace_represent</CrmColumn>
      <CsvColumn>m_tsb_top_no_contact_workplace_represent</CsvColumn>
    </Field>
    <Field>
      <CrmColumn>tsb_mlt_migration_remarks</CrmColumn>
      <CsvColumn>m_tsb_mlt_migration_remarks</CsvColumn>
    </Field>
  </Fields>
</Configuration>
