﻿<Configuration>
  <KeyFileOutPath>BatchKeyFiles</KeyFileOutPath>
  <Entities>
    <Entity>
      <LogicName>account</LogicName>
      <Keys>
        <Key>tsb_slt_num_branch</Key>
        <Key>tsb_slt_num_customer</Key>
        <Key>tsb_lup_code_responsible</Key>
        <Key>tsb_slt_name_responsible</Key>
        <Key>name</Key>
        <Key>yominame</Key>
        <Key>tsb_lup_line</Key>
        <Key>tsb_ops_nationality</Key>
        <Key>tsb_ops_orr_rank</Key>
        <Key>tsb_ops_type_debtor</Key>
        <Key>tsb_slt_represent</Key>
        <Key>tsb_ops_sector</Key>
        <Key>tsb_lup_name_am_company</Key>
        <Key>tsb_lup_middle_responsible_line</Key>
        <Key>tsb_lup_info_cras</Key>
        <Key>ownerid</Key>
        <Key>statecode</Key>
      </Keys>
    </Entity>
    <Entity>
      <LogicName>tsb_detail_loan</LogicName>
      <Keys>
        <Key>tsb_slt_num_branch</Key>
        <Key>tsb_slt_num_customer</Key>
        <Key>tsb_ops_sbj</Key>
        <Key>tsb_slt_num_loan</Key>
        <Key>tsb_slt_cd_sbj</Key>
        <Key>tsb_slt_sbj</Key>
        <Key>tsb_slt_num_continue</Key>
        <Key>tsb_date_last_repayment</Key>
        <Key>tsb_cur_bal</Key>
        <Key>tsb_ops_status_payoff</Key>
        <Key>statecode</Key>
      </Keys>
    </Entity>
    <Entity>
      <LogicName>tsb_detail_deposit</LogicName>
      <Keys>
        <Key>tsb_slt_num_branch</Key>
        <Key>tsb_slt_num_customer</Key>
        <Key>tsb_slt_cd_sbj</Key>
        <Key>statecode</Key>
      </Keys>
    </Entity>
    <Entity>
      <LogicName>tsb_detail_extreme</LogicName>
      <Keys>
        <Key>tsb_slt_num_branch</Key>
        <Key>tsb_slt_num_customer</Key>
        <Key>tsb_slt_cd_type_extreme</Key>
        <Key>tsb_slt_num_extreme</Key>
        <Key>statecode</Key>
      </Keys>
    </Entity>
    <Entity>
      <LogicName>tsb_detail_extreme_cost</LogicName>
      <Keys>
        <Key>tsb_slt_num_branch</Key>
        <Key>tsb_slt_num_customer</Key>
        <Key>tsb_slt_num_extreme</Key>
        <Key>tsb_slt_num_loan_extreme_cost</Key>
        <Key>statecode</Key>
      </Keys>
    </Entity>
    <Entity>
      <LogicName>tsb_info_mortgage</LogicName>
      <Keys>
        <Key>tsb_slt_num_branch</Key>
        <Key>tsb_slt_num_customer</Key>
        <Key>tsb_slt_type_mortgage</Key>
        <Key>tsb_slt_num_mortgage</Key>
        <Key>tsb_slt_num_claim</Key>
        <Key>statecode</Key>
      </Keys>
    </Entity>
    <Entity>
      <LogicName>tsb_recovery_pipeline</LogicName>
      <Keys>
        <Key>tsb_date_create_base</Key>
        <Key>tsb_slt_num_branch</Key>
        <Key>tsb_slt_num_customer</Key>
        <Key>tsb_lup_num_loan</Key>
        <Key>tsb_slt_cd_sbj</Key>
        <Key>tsb_date_recovery_plan</Key>
        <Key>tsb_top_flg_manual_correction</Key>
        <Key>statecode</Key>
      </Keys>
    </Entity>
    <Entity>
      <LogicName>tsb_execution_pipeline</LogicName>
      <Keys>
        <Key>tsb_date_execution_plan</Key>
        <Key>tsb_lup_code_responsible</Key>
        <Key>tsb_lup_main_responsible</Key>
        <Key>tsb_ops_base_aggressive</Key>
        <Key>tsb_ops_status</Key>
        <Key>tsb_ops_type_new_existing</Key>
        <Key>tsb_ops_type_project</Key>
        <Key>tsb_slt_name_project</Key>
        <Key>tsb_slt_responsible</Key>
        <Key>tsb_lup_name_customer</Key>
        <Key>tsb_slt_num_branch</Key>
        <Key>tsb_slt_num_customer</Key>
        <Key>tsb_slt_num_project</Key>
      </Keys>
    </Entity>
    <Entity>
      <LogicName>tsb_info_da</LogicName>
      <Keys>
        <Key>tsb_slt_num_da</Key>
        <Key>statecode</Key>
      </Keys>
    </Entity>
    <Entity>
      <LogicName>tsb_same_stakeholder</LogicName>
      <Keys>
        <Key>tsb_slt_num_branch_parent</Key>
        <Key>tsb_slt_num_customer_parent</Key>
        <Key>tsb_slt_num_branch_child</Key>
        <Key>tsb_slt_num_customer_child</Key>
        <Key>statecode</Key>
      </Keys>
    </Entity>
    <Entity>
      <LogicName>tsb_info_cras</LogicName>
      <Keys>
        <Key>tsb_slt_num_branch</Key>
        <Key>tsb_slt_num_customer</Key>
        <Key>tsb_lup_code_responsible</Key>
        <Key>tsb_ops_type_debtor1</Key>
        <Key>tsb_ops_rank_history1_orr_rank_last</Key>
        <Key>tsb_slt_num_bank_clerk_responsible1</Key>
        <Key>tsb_slt_num_bank_clerk_approval1</Key>
        <Key>tsb_slt_num_bank_clerk_check1</Key>
        <Key>tsb_slt_num_bank_clerk_approval2</Key>
        <Key>tsb_slt_num_bank_clerk_seniorcheck2</Key>
        <Key>statecode</Key>
      </Keys>
    </Entity>
    <Entity>
      <LogicName>tsb_info_cras_performance</LogicName>
      <Keys>
        <Key>tsb_date_cras_base</Key>
        <Key>tsb_slt_num_branch</Key>
        <Key>tsb_slt_num_customer</Key>
        <Key>tsb_slt_accounting_period</Key>
        <Key>statecode</Key>
      </Keys>
    </Entity>
    <Entity>
      <LogicName>tsb_info_cras_bank</LogicName>
      <Keys>
        <Key>tsb_date_cras_base</Key>
        <Key>tsb_slt_num_branch</Key>
        <Key>tsb_slt_num_customer</Key>
        <Key>tsb_int_num_serial</Key>
        <Key>tsb_slt_date_base</Key>
        <Key>statecode</Key>
      </Keys>
    </Entity>
    <Entity>
      <LogicName>tsb_teikoku_data</LogicName>
      <Keys>
        <Key>tsb_slt_code_teikoku_company</Key>
        <Key>statecode</Key>
      </Keys>
    </Entity>
    <Entity>
      <LogicName>tsb_organization_structure</LogicName>
      <Keys>
        <Key>tsb_ops_type_organization</Key>
        <Key>tsb_slt_code_organization</Key>
        <Key>tsb_slt_name_organization</Key>
        <Key>tsb_lup_businessunit</Key>
        <Key>tsb_lup_headquarters</Key>
        <Key>tsb_lup_department</Key>
        <Key>tsb_lup_line</Key>
        <Key>tsb_lup_line_team</Key>
        <Key>tsb_slt_organization_abbreviate</Key>
        <Key>tsb_slt_name_or_code</Key>
        <Key>statecode</Key>
      </Keys>
    </Entity>
    <Entity>
      <LogicName>tsb_branch</LogicName>
      <Keys>
        <Key>tsb_slt_num_branch</Key>
        <Key>statecode</Key>
      </Keys>
    </Entity>
    <Entity>
      <LogicName>systemuser</LogicName>
      <Keys>
        <Key>tsb_slt_bank_clerk_id</Key>
        <Key>domainname</Key>
        <Key>tsb_lup_affiliation_organization</Key>
      </Keys>
    </Entity>
    <Entity>
      <LogicName>tsb_response_record</LogicName>
      <Keys>
        <Key>tsb_slt_num_response_record</Key>
        <Key>tsb_lup_name_customer</Key>
        <Key>tsb_lup_code_responsible</Key>
        <Key>tsb_lup_reception_responsible</Key>
        <Key>tsb_lup_review_request_senior1</Key>
      </Keys>
    </Entity>
    <Entity>
      <LogicName>tsb_term_covenants</LogicName>
      <Keys>
        <Key>tsb_slt_num_info</Key>
      </Keys>
    </Entity>
    <Entity>
      <LogicName>tsb_term_monitoring</LogicName>
      <Keys>
        <Key>tsb_slt_num_info</Key>
        <Key>tsb_lup_front_checker1</Key>
        <Key>tsb_lup_front_checker2</Key>
        <Key>tsb_lup_judge_checker1</Key>
        <Key>tsb_lup_judge_checker2</Key>
        <Key>tsb_lup_judge_responsible</Key>
      </Keys>
    </Entity>
    <Entity>
      <LogicName>tsb_term_other_period</LogicName>
      <Keys>
        <Key>tsb_slt_num_info</Key>
      </Keys>
    </Entity>
    <Entity>
      <LogicName>tsb_code_am</LogicName>
      <Keys>
        <Key>tsb_slt_code_am</Key>
        <Key>tsb_slt_name_am_company</Key>
      </Keys>
    </Entity>
    <Entity>
      <LogicName>tsb_amo_responsible</LogicName>
      <Keys>
        <Key>tsb_slt_amo_responsible_line</Key>
        <Key>statecode</Key>
      </Keys>
    </Entity>
    <Entity>
      <LogicName>team</LogicName>
      <Keys>
        <Key>name</Key>
      </Keys>
    </Entity>
    <Entity>
      <LogicName>tsb_period_list</LogicName>
      <Keys>
        <Key>tsb_date_fulfill_period</Key>
        <Key>tsb_ops_type_info</Key>
        <Key>tsb_lup_term_covenants</Key>
        <Key>tsb_lup_term_other_period</Key>
        <Key>tsb_lup_term_monitoring</Key>
        <Key>tsb_slt_num_target</Key>
      </Keys>
    </Entity>
  </Entities>
</Configuration>
