﻿<Configuration>
  <InputFilePath>BatchFileInput/JBS-BT-108</InputFilePath>
  <BackupPath>BatchFileBackup/JBS-BT-108</BackupPath>
  <ErrorPath>BatchFileError/JBS-BT-108</ErrorPath>
  <ThreadCount>5</ThreadCount>
  <BlockCount>100</BlockCount>
  <FileEncode>SJIS</FileEncode>
  <HaveTitle>TRUE</HaveTitle>
  <KeyFilePath>BatchKeyFiles</KeyFilePath>
  <KeyFiles>
    <KeyFile>systemuser</KeyFile>
    <KeyFile>account</KeyFile>
    <KeyFile>tsb_organization_structure</KeyFile>
    <KeyFile>tsb_term_other_period</KeyFile>
    <KeyFile>tsb_amo_responsible</KeyFile>
    <KeyFile>tsb_code_am</KeyFile>
    <KeyFile>tsb_detail_loan</KeyFile>
    <KeyFile>tsb_info_da</KeyFile>
  </KeyFiles>
  <LogicName>tsb_term_other_period</LogicName>
  <NeedDelete>FALSE</NeedDelete>
  <NeedInactive>FALSE</NeedInactive>
  <SetOwner>TRUE</SetOwner>
  <OwnerSkip>FALSE</OwnerSkip>
  <SelfLookup>TRUE</SelfLookup>
  <SpecificUser>crmstub</SpecificUser>
  <SpecificDaNum>99999</SpecificDaNum>
  <Keys>
    <Key>
      <CrmColumn>[REQ]tsb_slt_num_info</CrmColumn>
      <CsvColumn>m_tsb_slt_num_info</CsvColumn>
    </Key>
  </Keys>
  <Headers>
    <Header LogicName="m_createdon" DisplayName="作成日" />
    <Header LogicName="m_statecode" DisplayName="状態" />
    <Header LogicName="m_statuscode" DisplayName="ステータス(標準)" />
    <Header LogicName="m_tsb_date" DisplayName="年月日" />
    <Header LogicName="m_tsb_date_amo_approval1" DisplayName="ミドル1次承認日" />
    <Header LogicName="m_tsb_date_amo_approval1_fca" DisplayName="ミドル1次承認日(履行完了承認用)" />
    <Header LogicName="m_tsb_date_amo_approval2" DisplayName="ミドル2次承認日" />
    <Header LogicName="m_tsb_date_amo_approval2_fca" DisplayName="ミドル2次承認日(履行完了承認用)" />
    <Header LogicName="m_tsb_date_delete" DisplayName="削除日" />
    <Header LogicName="m_tsb_date_front_approval" DisplayName="承認日" />
    <Header LogicName="m_tsb_date_front_approval_fca" DisplayName="承認日(履行完了承認用)" />
    <Header LogicName="m_tsb_date_front_request" DisplayName="依頼日" />
    <Header LogicName="m_tsb_date_front_request_fca" DisplayName="依頼日(履行完了承認用)" />
    <Header LogicName="m_tsb_date_fulfill_check_end" DisplayName="履行確認終了日" />
    <Header LogicName="m_tsb_date_fulfill_check_start" DisplayName="履行確認開始日" />
    <Header LogicName="m_tsb_int_date_fulfill_check" DisplayName="履行確認日" />
    <Header LogicName="m_tsb_lup_amo_approver1" DisplayName="ミドル1次承認者" />
    <Header LogicName="m_tsb_lup_amo_approver1_fca" DisplayName="ミドル1次承認者(履行完了承認用)" />
    <Header LogicName="m_tsb_lup_amo_approver2" DisplayName="ミドル2次承認者" />
    <Header LogicName="m_tsb_lup_amo_approver2_fca" DisplayName="ミドル2次承認者(履行完了承認用)" />
    <Header LogicName="m_tsb_lup_amo_responsible" DisplayName="ミドル担当" />
    <Header LogicName="m_tsb_lup_front_approver" DisplayName="承認者" />
    <Header LogicName="m_tsb_lup_front_approver_fca" DisplayName="承認者(履行完了承認用)" />
    <Header LogicName="m_tsb_lup_judge_responsible_line" DisplayName="審査担当ライン" />
    <Header LogicName="m_tsb_lup_name_am_company" DisplayName="AM会社名" />
    <Header LogicName="m_tsb_lup_num_copy_info" DisplayName="Copy元情報番号" />
    <Header LogicName="m_tsb_lup_num_da" DisplayName="DA番号" />
    <Header LogicName="m_tsb_lup_num_loan_branch" DisplayName="融資番号_店番" />
    <Header LogicName="m_tsb_lup_num_loan_customer" DisplayName="融資番号_顧客番号" />
    <Header LogicName="m_tsb_lup_num_loan_kamoku" DisplayName="融資番号_科目" />
    <Header LogicName="m_tsb_lup_num_loan" DisplayName="融資番号" />
    <Header LogicName="m_tsb_lup_responsible" DisplayName="担当者" />
    <Header LogicName="m_tsb_lup_responsible_fca" DisplayName="担当者(履行完了承認用)" />
    <Header LogicName="m_tsb_mlt_content" DisplayName="内容" />
    <Header LogicName="m_tsb_mlt_delete_reason" DisplayName="削除理由" />
    <Header LogicName="m_tsb_mlt_note" DisplayName="メモ" />
    <Header LogicName="m_tsb_ops_attribute_other" DisplayName="属性" />
    <Header LogicName="m_tsb_ops_code_country" DisplayName="国(祝日)" />
    <Header LogicName="m_tsb_ops_info_attribute" DisplayName="属性情報" />
    <Header LogicName="m_tsb_ops_status" DisplayName="ステータス" />
    <Header LogicName="m_tsb_ops_type_date" DisplayName="日付区分" />
    <Header LogicName="m_tsb_ops_type_holiday" DisplayName="休日区分" />
    <Header LogicName="m_tsb_ops_type_period" DisplayName="期日種別" />
    <Header LogicName="m_tsb_slt_num_branch" DisplayName="店番" />
    <Header LogicName="m_tsb_slt_num_customer" DisplayName="顧客番号" />
    <Header LogicName="m_tsb_slt_num_da_old" DisplayName="旧DA番号" />
    <Header LogicName="m_tsb_slt_num_info" DisplayName="情報番号" />
    <Header LogicName="m_tsb_top_monthly" DisplayName="毎月" />
    <Header LogicName="m_tsb_top_jan" DisplayName="01月" />
    <Header LogicName="m_tsb_top_feb" DisplayName="02月" />
    <Header LogicName="m_tsb_top_mar" DisplayName="03月" />
    <Header LogicName="m_tsb_top_apr" DisplayName="04月" />
    <Header LogicName="m_tsb_top_may" DisplayName="05月" />
    <Header LogicName="m_tsb_top_jun" DisplayName="06月" />
    <Header LogicName="m_tsb_top_jul" DisplayName="07月" />
    <Header LogicName="m_tsb_top_aug" DisplayName="08月" />
    <Header LogicName="m_tsb_top_sep" DisplayName="09月" />
    <Header LogicName="m_tsb_top_oct" DisplayName="10月" />
    <Header LogicName="m_tsb_top_nov" DisplayName="11月" />
    <Header LogicName="m_tsb_top_dec" DisplayName="12月" />
    <Header LogicName="m_tsb_top_term_flg_fulfillment" DisplayName="履行完了フラグ" />
    <Header LogicName="m_tsb_mlt_migration_remarks" DisplayName="移行メモ" />
  </Headers>
  <Fields>

    <Field>
      <CrmColumn>tsb_lup_num_copy_info</CrmColumn>
      <CsvColumn>tsb_slt_num_info;m_tsb_lup_num_copy_info</CsvColumn>
    </Field>

  </Fields>
</Configuration>
