﻿<Configuration>
  <InputFilePath>BatchFileInput/JBS-BT-104</InputFilePath>
  <BackupPath>BatchFileBackup/JBS-BT-104</BackupPath>
  <ErrorPath>BatchFileError/JBS-BT-104</ErrorPath>
  <ThreadCount>5</ThreadCount>
  <BlockCount>100</BlockCount>
  <FileEncode>SJIS</FileEncode>
  <HaveTitle>TRUE</HaveTitle>
  <KeyFilePath>BatchKeyFiles</KeyFilePath>
  <KeyFiles>
    <KeyFile>systemuser</KeyFile>
    <KeyFile>account</KeyFile>
    <KeyFile>tsb_organization_structure</KeyFile>
    <KeyFile>tsb_info_da</KeyFile>
    <KeyFile>tsb_execution_pipeline</KeyFile>
  </KeyFiles>
  <LogicName>tsb_execution_pipeline</LogicName>
  <NeedDelete>FALSE</NeedDelete>
  <NeedInactive>FALSE</NeedInactive>
  <SetOwner>TRUE</SetOwner>
  <OwnerSkip>FALSE</OwnerSkip>
  <SpecificUser>crmstub</SpecificUser>
  <SpecificDaNum>99999</SpecificDaNum>
  <Keys></Keys>
  <Headers>
    <Header LogicName="m_createdon" DisplayName="作成日" />
    <Header LogicName="m_ownerid" DisplayName="所有者" />
    <Header LogicName="m_statecode" DisplayName="状態" />
    <Header LogicName="m_statuscode" DisplayName="ステータス(標準)" />
    <Header LogicName="m_tsb_cur_amortization" DisplayName="アモチ" />
    <Header LogicName="m_tsb_cur_amt_case_credit_million" DisplayName="金額(百万円)" />
    <Header LogicName="m_tsb_cur_amt_fgncurrency_credit" DisplayName="外貨建金額" />
    <Header LogicName="m_tsb_cur_fee1_million" DisplayName="手数料1(百万円)" />
    <Header LogicName="m_tsb_cur_fee2_million" DisplayName="手数料2(百万円)" />
    <Header LogicName="m_tsb_cur_fee3_million" DisplayName="手数料3(百万円)" />
    <Header LogicName="m_tsb_cur_fee4_million" DisplayName="手数料4(百万円)" />
    <Header LogicName="m_tsb_cur_frame_million" DisplayName="枠(百万円)" />
    <Header LogicName="m_tsb_date_covenants_entry" DisplayName="コベナンツ登録日" />
    <Header LogicName="m_tsb_date_drop" DisplayName="ドロップ日付" />
    <Header LogicName="m_tsb_date_execution_plan" DisplayName="実行予定日" />
    <Header LogicName="m_tsb_date_last_period" DisplayName="最終期日" />
    <Header LogicName="m_tsb_dcn_base_interest" DisplayName="基準金利(%)" />
    <Header LogicName="m_tsb_dcn_loan_period_month" DisplayName="貸出期間(カ月)" />
    <Header LogicName="m_tsb_dcn_rate_conversion" DisplayName="換算レート" />
    <Header LogicName="m_tsb_dcn_rate_fee1" DisplayName="手数料率1(%)" />
    <Header LogicName="m_tsb_dcn_rate_fee2" DisplayName="手数料率2(%)" />
    <Header LogicName="m_tsb_dcn_rate_fee3" DisplayName="手数料率3(%)" />
    <Header LogicName="m_tsb_dcn_rate_fee4" DisplayName="手数料率4(%)" />
    <Header LogicName="m_tsb_dcn_rate_interest_ready" DisplayName="金利出来上がり(%)" />
    <Header LogicName="m_tsb_dcn_rate_interest_spread" DisplayName="金利_スプレッド(%)" />
    <Header LogicName="m_tsb_lup_code_responsible" DisplayName="担当者コード" />
    <Header LogicName="m_tsb_lup_main_responsible" DisplayName="主担当者" />
    <Header LogicName="m_tsb_lup_name_team" DisplayName="ライン" />
    <Header LogicName="m_tsb_lup_num_da" DisplayName="DA番号" />
    <Header LogicName="m_tsb_lup_num_relation_project" DisplayName="関連案件名" />
    <Header LogicName="m_tsb_lup_partner" DisplayName="協働先" />
    <Header LogicName="m_tsb_mlt_note" DisplayName="備考" />
    <Header LogicName="m_tsb_mlt_note_insider" DisplayName="備考【インサイダー情報】" />
    <Header LogicName="m_tsb_ops_base_aggressive" DisplayName="ベースorアグレッシブ" />
    <Header LogicName="m_tsb_ops_currency" DisplayName="通貨区分" />
    <Header LogicName="m_tsb_ops_drop_reason" DisplayName="ドロップ理由" />
    <Header LogicName="m_tsb_ops_fixed_change" DisplayName="固定変動" />
    <Header LogicName="m_tsb_ops_fund_use1" DisplayName="資金使途" />
    <Header LogicName="m_tsb_ops_leadclerk_joinclerk" DisplayName="主幹行/参加行" />
    <Header LogicName="m_tsb_ops_loan_securities" DisplayName="パイプライン科目" />
    <Header LogicName="m_tsb_ops_mortgage_guarantee" DisplayName="担保保証" />
    <Header LogicName="m_tsb_ops_na_covenants" DisplayName="コベナンツ有無" />
    <Header LogicName="m_tsb_ops_na_fee" DisplayName="手数料あり/なし" />
    <Header LogicName="m_tsb_ops_repayment_pitch" DisplayName="返済ピッチ" />
    <Header LogicName="m_tsb_ops_sector1" DisplayName="セクター1" />
    <Header LogicName="m_tsb_ops_status" DisplayName="ステータス" />
    <Header LogicName="m_tsb_ops_type_execution" DisplayName="実行種別" />
    <Header LogicName="m_tsb_ops_type_fee1" DisplayName="手数料種別1" />
    <Header LogicName="m_tsb_ops_type_fee2" DisplayName="手数料種別2" />
    <Header LogicName="m_tsb_ops_type_fee3" DisplayName="手数料種別3" />
    <Header LogicName="m_tsb_ops_type_fee4" DisplayName="手数料種別4" />
    <Header LogicName="m_tsb_ops_type_new_existing" DisplayName="新規/既存区分" />
    <Header LogicName="m_tsb_ops_type_project" DisplayName="案件区分" />
    <Header LogicName="m_tsb_ops_type_tp" DisplayName="基準金利区分" />
    <Header LogicName="m_tsb_slt_name_project" DisplayName="案件名" />
    <Header LogicName="m_tsb_slt_num_branch" DisplayName="店番" />
    <Header LogicName="m_tsb_slt_num_customer" DisplayName="顧客番号" />
    <Header LogicName="m_tsb_slt_num_da_old" DisplayName="旧DA番号" />
    <Header LogicName="m_tsb_slt_num_project" DisplayName="案件番号" />
    <Header LogicName="m_tsb_slt_num_refer" DisplayName="リファーNo" />
    <Header LogicName="m_tsb_slt_sector2" DisplayName="セクター2" />
    <Header LogicName="m_tsb_top_insider" DisplayName="インサイダー等極秘情報" />
    <Header LogicName="m_tsb_top_partner" DisplayName="協働" />
    <Header LogicName="m_tsb_top_status_covenants_entry" DisplayName="コベナンツ登録状況" />
    <Header LogicName="m_tsb_mlt_migration_remarks" DisplayName="移行メモ" />
  </Headers>
  <Fields>
    <Field>
      <CrmColumn>overriddencreatedon</CrmColumn>
      <CsvColumn>m_createdon</CsvColumn>
    </Field>
    <Field>
      <CrmColumn>statecode</CrmColumn>
      <CsvColumn>m_statecode</CsvColumn>
    </Field>
    <Field>
      <CrmColumn>statuscode</CrmColumn>
      <CsvColumn>m_statuscode</CsvColumn>
    </Field>
    <Field>
      <CrmColumn>tsb_cur_amortization</CrmColumn>
      <CsvColumn>m_tsb_cur_amortization</CsvColumn>
    </Field>
    <Field>
      <CrmColumn>tsb_cur_amt_case_credit_million</CrmColumn>
      <CsvColumn>m_tsb_cur_amt_case_credit_million</CsvColumn>
    </Field>
    <Field>
      <CrmColumn>tsb_cur_amt_fgncurrency_credit</CrmColumn>
      <CsvColumn>m_tsb_cur_amt_fgncurrency_credit</CsvColumn>
    </Field>
    <Field>
      <CrmColumn>tsb_cur_fee1_million</CrmColumn>
      <CsvColumn>m_tsb_cur_fee1_million</CsvColumn>
    </Field>
    <Field>
      <CrmColumn>tsb_cur_fee2_million</CrmColumn>
      <CsvColumn>m_tsb_cur_fee2_million</CsvColumn>
    </Field>
    <Field>
      <CrmColumn>tsb_cur_fee3_million</CrmColumn>
      <CsvColumn>m_tsb_cur_fee3_million</CsvColumn>
    </Field>
    <Field>
      <CrmColumn>tsb_cur_fee4_million</CrmColumn>
      <CsvColumn>m_tsb_cur_fee4_million</CsvColumn>
    </Field>
    <Field>
      <CrmColumn>tsb_cur_frame_million</CrmColumn>
      <CsvColumn>m_tsb_cur_frame_million</CsvColumn>
    </Field>
    <Field>
      <CrmColumn>tsb_date_covenants_entry</CrmColumn>
      <CsvColumn>m_tsb_date_covenants_entry</CsvColumn>
    </Field>
    <Field>
      <CrmColumn>tsb_date_drop</CrmColumn>
      <CsvColumn>m_tsb_date_drop</CsvColumn>
    </Field>
    <Field>
      <CrmColumn>tsb_date_execution_plan</CrmColumn>
      <CsvColumn>m_tsb_date_execution_plan</CsvColumn>
    </Field>
    <Field>
      <CrmColumn>tsb_date_last_period</CrmColumn>
      <CsvColumn>m_tsb_date_last_period</CsvColumn>
    </Field>
    <Field>
      <CrmColumn>tsb_dcn_base_interest</CrmColumn>
      <CsvColumn>m_tsb_dcn_base_interest</CsvColumn>
    </Field>
    <Field>
      <CrmColumn>tsb_dcn_loan_period_month</CrmColumn>
      <CsvColumn>m_tsb_dcn_loan_period_month</CsvColumn>
    </Field>
    <Field>
      <CrmColumn>tsb_dcn_rate_conversion</CrmColumn>
      <CsvColumn>m_tsb_dcn_rate_conversion</CsvColumn>
    </Field>
    <Field>
      <CrmColumn>tsb_dcn_rate_fee1</CrmColumn>
      <CsvColumn>m_tsb_dcn_rate_fee1</CsvColumn>
    </Field>
    <Field>
      <CrmColumn>tsb_dcn_rate_fee2</CrmColumn>
      <CsvColumn>m_tsb_dcn_rate_fee2</CsvColumn>
    </Field>
    <Field>
      <CrmColumn>tsb_dcn_rate_fee3</CrmColumn>
      <CsvColumn>m_tsb_dcn_rate_fee3</CsvColumn>
    </Field>
    <Field>
      <CrmColumn>tsb_dcn_rate_fee4</CrmColumn>
      <CsvColumn>m_tsb_dcn_rate_fee4</CsvColumn>
    </Field>
    <Field>
      <CrmColumn>tsb_dcn_rate_interest_ready</CrmColumn>
      <CsvColumn>m_tsb_dcn_rate_interest_ready</CsvColumn>
    </Field>
    <Field>
      <CrmColumn>tsb_dcn_rate_interest_spread</CrmColumn>
      <CsvColumn>m_tsb_dcn_rate_interest_spread</CsvColumn>
    </Field>


    <Field>
      <CrmColumn>tsb_lup_code_responsible</CrmColumn>
      <CsvColumn>tsb_ops_type_organization,tsb_slt_name_or_code;[固定値]100000004,m_tsb_lup_code_responsible</CsvColumn>
    </Field>
    <Field>
      <CrmColumn>tsb_lup_main_responsible</CrmColumn>
      <CsvColumn>tsb_slt_bank_clerk_id;m_tsb_lup_main_responsible</CsvColumn>
    </Field>
    <Field>
      <CrmColumn>[REQ]tsb_lup_name_customer</CrmColumn>
      <CsvColumn>tsb_slt_num_branch,tsb_slt_num_customer;m_tsb_slt_num_branch,m_tsb_slt_num_customer</CsvColumn>
    </Field>
    <Field>
      <CrmColumn>tsb_lup_name_team</CrmColumn>
      <CsvColumn>[LINK];tsb_organization_structure;tsb_lup_line;tsb_ops_type_organization,tsb_slt_name_or_code;[固定値]100000004,m_tsb_lup_code_responsible</CsvColumn>
    </Field>
    <Field>
      <CrmColumn>tsb_lup_num_da</CrmColumn>
      <CsvColumn>tsb_slt_num_da;m_tsb_lup_num_da</CsvColumn>
    </Field>
    <Field>
      <CrmColumn skip="true">tsb_lup_partner</CrmColumn>
      <CsvColumn>tsb_ops_type_organization,tsb_slt_organization_abbreviate;[固定値]100000003,m_tsb_lup_partner</CsvColumn>
    </Field>


    <Field>
      <CrmColumn>tsb_mlt_note</CrmColumn>
      <CsvColumn>m_tsb_mlt_note</CsvColumn>
    </Field>
    <Field>
      <CrmColumn>tsb_mlt_note_insider</CrmColumn>
      <CsvColumn>m_tsb_mlt_note_insider</CsvColumn>
    </Field>
    <Field>
      <CrmColumn>tsb_ops_base_aggressive</CrmColumn>
      <CsvColumn>m_tsb_ops_base_aggressive</CsvColumn>
    </Field>
    <Field>
      <CrmColumn>tsb_ops_currency</CrmColumn>
      <CsvColumn>m_tsb_ops_currency</CsvColumn>
    </Field>
    <Field>
      <CrmColumn>tsb_ops_drop_reason</CrmColumn>
      <CsvColumn>m_tsb_ops_drop_reason</CsvColumn>
    </Field>
    <Field>
      <CrmColumn>tsb_ops_fixed_change</CrmColumn>
      <CsvColumn>m_tsb_ops_fixed_change</CsvColumn>
    </Field>
    <Field>
      <CrmColumn>tsb_ops_fund_use1</CrmColumn>
      <CsvColumn>m_tsb_ops_fund_use1</CsvColumn>
    </Field>
    <Field>
      <CrmColumn>tsb_ops_leadclerk_joinclerk</CrmColumn>
      <CsvColumn>m_tsb_ops_leadclerk_joinclerk</CsvColumn>
    </Field>
    <Field>
      <CrmColumn>tsb_ops_loan_securities</CrmColumn>
      <!--<OptionSetMapping>tsb_ops_loan_securities</OptionSetMapping>-->
      <CsvColumn>m_tsb_ops_loan_securities</CsvColumn>
    </Field>
    <Field>
      <CrmColumn>tsb_ops_mortgage_guarantee</CrmColumn>
      <CsvColumn>m_tsb_ops_mortgage_guarantee</CsvColumn>
    </Field>
    <Field>
      <CrmColumn>tsb_ops_na_covenants</CrmColumn>
      <CsvColumn>m_tsb_ops_na_covenants</CsvColumn>
    </Field>
    <Field>
      <CrmColumn>tsb_ops_na_fee</CrmColumn>
      <CsvColumn>m_tsb_ops_na_fee</CsvColumn>
    </Field>
    <Field>
      <CrmColumn>tsb_ops_nationality</CrmColumn>
      <CsvColumn>[LINK];account;tsb_ops_nationality;tsb_slt_num_branch,tsb_slt_num_customer;m_tsb_slt_num_branch,m_tsb_slt_num_customer</CsvColumn>
    </Field>
    <Field>
      <CrmColumn>tsb_ops_orr_rank</CrmColumn>
      <CsvColumn>[LINK];account;tsb_ops_orr_rank;tsb_slt_num_branch,tsb_slt_num_customer;m_tsb_slt_num_branch,m_tsb_slt_num_customer</CsvColumn>
    </Field>
    <Field>
      <CrmColumn>tsb_ops_repayment_pitch</CrmColumn>
      <CsvColumn>m_tsb_ops_repayment_pitch</CsvColumn>
    </Field>
    <Field>
      <CrmColumn>tsb_ops_sector1</CrmColumn>
      <CsvColumn>[LINK];account;tsb_ops_sector;tsb_slt_num_branch,tsb_slt_num_customer;m_tsb_slt_num_branch,m_tsb_slt_num_customer</CsvColumn>
    </Field>
    <Field>
      <CrmColumn>tsb_ops_sector1</CrmColumn>
      <CsvColumn>m_tsb_ops_sector1</CsvColumn>
    </Field>
    <Field>
      <CrmColumn>tsb_ops_status</CrmColumn>
      <CsvColumn>m_tsb_ops_status</CsvColumn>
    </Field>
    <Field>
      <CrmColumn>tsb_ops_type_execution</CrmColumn>
      <!--<OptionSetMapping>tsb_ops_type_execution</OptionSetMapping>-->
      <CsvColumn>m_tsb_ops_type_execution</CsvColumn>
    </Field>
    <Field>
      <CrmColumn>tsb_ops_type_fee1</CrmColumn>
      <!--<OptionSetMapping>tsb_ops_type_fee</OptionSetMapping>-->
      <CsvColumn>m_tsb_ops_type_fee1</CsvColumn>
    </Field>
    <Field>
      <CrmColumn>tsb_ops_type_fee2</CrmColumn>
      <CsvColumn>m_tsb_ops_type_fee2</CsvColumn>
    </Field>
    <Field>
      <CrmColumn>tsb_ops_type_fee3</CrmColumn>
      <CsvColumn>m_tsb_ops_type_fee3</CsvColumn>
    </Field>
    <Field>
      <CrmColumn>tsb_ops_type_fee4</CrmColumn>
      <CsvColumn>m_tsb_ops_type_fee4</CsvColumn>
    </Field>
    <Field>
      <CrmColumn>tsb_ops_type_new_existing</CrmColumn>
      <CsvColumn>m_tsb_ops_type_new_existing</CsvColumn>
    </Field>
    <Field>
      <CrmColumn>tsb_ops_type_project</CrmColumn>
      <CsvColumn>m_tsb_ops_type_project</CsvColumn>
    </Field>
    <Field>
      <CrmColumn>tsb_ops_type_tp</CrmColumn>
      <CsvColumn>m_tsb_ops_type_tp</CsvColumn>
    </Field>
    <Field>
      <CrmColumn>tsb_slt_name_project</CrmColumn>
      <CsvColumn>m_tsb_slt_name_project</CsvColumn>
    </Field>
    <Field>
      <CrmColumn>tsb_slt_num_branch</CrmColumn>
      <CsvColumn>m_tsb_slt_num_branch</CsvColumn>
    </Field>
    <Field>
      <CrmColumn>tsb_slt_num_customer</CrmColumn>
      <CsvColumn>m_tsb_slt_num_customer</CsvColumn>
    </Field>
    <Field>
      <CrmColumn>tsb_slt_num_da_old</CrmColumn>
      <CsvColumn>m_tsb_slt_num_da_old</CsvColumn>
    </Field>
    <Field>
      <CrmColumn>[REQ]tsb_slt_num_project</CrmColumn>
      <CsvColumn>m_tsb_slt_num_project</CsvColumn>
    </Field>
    <Field>
      <CrmColumn>tsb_slt_num_refer</CrmColumn>
      <CsvColumn>m_tsb_slt_num_refer</CsvColumn>
    </Field>
    <Field>
      <CrmColumn>tsb_slt_responsible</CrmColumn>
      <CsvColumn>[LINK];tsb_organization_structure;tsb_slt_name_organization;tsb_ops_type_organization,tsb_slt_name_or_code;[固定値]100000004,m_tsb_lup_code_responsible</CsvColumn>
    </Field>
    <Field>
      <CrmColumn>tsb_slt_sector2</CrmColumn>
      <CsvColumn>m_tsb_slt_sector2</CsvColumn>
    </Field>
    <Field>
      <CrmColumn>tsb_top_insider</CrmColumn>
      <CsvColumn>m_tsb_top_insider</CsvColumn>
    </Field>
    <Field>
      <CrmColumn>tsb_top_partner</CrmColumn>
      <CsvColumn>m_tsb_top_partner</CsvColumn>
    </Field>
    <Field>
      <CrmColumn>tsb_top_status_covenants_entry</CrmColumn>
      <CsvColumn>m_tsb_top_status_covenants_entry</CsvColumn>
    </Field>
    <Field>
      <CrmColumn>tsb_mlt_migration_remarks</CrmColumn>
      <CsvColumn>m_tsb_mlt_migration_remarks</CsvColumn>
    </Field>
  </Fields>
</Configuration>
