<Configuration>
  <InputFilePath>BatchFileInput/JBS-BT-103</InputFilePath>
  <BackupPath>BatchFileBackup/JBS-BT-103</BackupPath>
  <ErrorPath>BatchFileError/JBS-BT-103</ErrorPath>
  <ThreadCount>5</ThreadCount>
  <BlockCount>100</BlockCount>
  <FileEncode>SJIS</FileEncode>
  <HaveTitle>TRUE</HaveTitle>
  <KeyFilePath>BatchKeyFiles</KeyFilePath>
  <KeyFiles>
    <KeyFile>systemuser</KeyFile>
    <KeyFile>tsb_organization_structure</KeyFile>
    <KeyFile>account</KeyFile>
    <KeyFile>tsb_detail_loan</KeyFile>
    <KeyFile>tsb_recovery_pipeline</KeyFile>
  </KeyFiles>
  <LogicName>tsb_recovery_pipeline</LogicName>
  <NeedDelete>FALSE</NeedDelete>
  <NeedInactive>FALSE</NeedInactive>
  <SetOwner>TRUE</SetOwner>
  <OwnerSkip>FALSE</OwnerSkip>
  <SpecificUser>crmstub</SpecificUser>
  <Keys></Keys>
  <Headers>
    <Header LogicName="m_createdon" DisplayName="作成日" />
    <Header LogicName="m_ownerid" DisplayName="所有者" />
    <Header LogicName="m_statecode" DisplayName="状態" />
    <Header LogicName="m_statuscode" DisplayName="ステータス" />
    <Header LogicName="m_tsb_cur_amt_case_credit" DisplayName="回収額(円)" />
    <Header LogicName="m_tsb_cur_amt_fgncurrency_credit" DisplayName="外貨建回収額" />
    <Header LogicName="m_tsb_cur_amt_initially_recovery_yen" DisplayName="当初回収金額(円)" />
    <Header LogicName="m_tsb_cur_bal_afterproject_customer_yen" DisplayName="本件後/顧客残高(円)" />
    <Header LogicName="m_tsb_cur_bal_surface_yen" DisplayName="表面残高(円)" />
    <Header LogicName="m_tsb_cur_fee_yen_etc1" DisplayName="手数料等1(円)" />
    <Header LogicName="m_tsb_cur_fee_yen_etc2" DisplayName="手数料等2(円)" />
    <Header LogicName="m_tsb_cur_fee_yen_etc3" DisplayName="手数料等3(円)" />
    <Header LogicName="m_tsb_date_last_repayment" DisplayName="最終返済日" />
    <Header LogicName="m_tsb_date_recovery_plan" DisplayName="回収予定日" />
    <Header LogicName="m_tsb_dcn_rate_contract" DisplayName="約定利率(％)" />
    <Header LogicName="m_tsb_dcn_rate_conversion" DisplayName="換算レート" />
    <Header LogicName="m_tsb_lup_code_responsible" DisplayName="担当者コード" />
    <Header LogicName="m_tsb_slt_num_account" DisplayName="口座番号" />
    <Header LogicName="m_tsb_mlt_note" DisplayName="備考" />
    <Header LogicName="m_tsb_ops_content1" DisplayName="手数料種別1" />
    <Header LogicName="m_tsb_ops_content2" DisplayName="手数料種別2" />
    <Header LogicName="m_tsb_ops_content3" DisplayName="手数料種別3" />
    <Header LogicName="m_tsb_ops_contractrecovery_change_reason" DisplayName="回収発生/変更理由" />
    <Header LogicName="m_tsb_ops_currency" DisplayName="通貨区分" />
    <Header LogicName="m_tsb_ops_method_repayment" DisplayName="返済方法" />
    <Header LogicName="m_tsb_ops_sbj" DisplayName="科目" />
    <Header LogicName="m_tsb_ops_type_recovery" DisplayName="種別(回収)" />
    <Header LogicName="m_tsb_slt_contractrecovery_change_reason_etc" DisplayName="回収発生/変更理由(その他)" />
    <Header LogicName="m_tsb_slt_method_repayment_etc" DisplayName="返済方法(その他)" />
    <Header LogicName="m_tsb_slt_name_project" DisplayName="管理番号" />
    <Header LogicName="m_tsb_slt_num_branch" DisplayName="店番" />
    <Header LogicName="m_tsb_slt_num_customer" DisplayName="顧客番号" />
    <Header LogicName="m_tsb_top_flg_manual_correction" DisplayName="補正フラグ" />
    <Header LogicName="m_tsb_mlt_migration_remarks" DisplayName="移行メモ" />
  </Headers>
  <Fields>
    <Field>
      <CrmColumn>overriddencreatedon</CrmColumn>
      <CsvColumn>m_createdon</CsvColumn>
    </Field>
    <Field>
      <CrmColumn>statecode</CrmColumn>
      <CsvColumn>m_statecode</CsvColumn>
    </Field>
    <Field>
      <CrmColumn>tsb_cur_amt_case_credit</CrmColumn>
      <CsvColumn>m_tsb_cur_amt_case_credit</CsvColumn>
    </Field>
    <Field>
      <CrmColumn>tsb_cur_amt_fgncurrency_credit</CrmColumn>
      <CsvColumn>m_tsb_cur_amt_fgncurrency_credit</CsvColumn>
    </Field>
    <Field>
      <CrmColumn>tsb_cur_amt_initially_recovery_yen</CrmColumn>
      <CsvColumn>m_tsb_cur_amt_initially_recovery_yen</CsvColumn>
    </Field>
    <Field>
      <CrmColumn>tsb_cur_bal_afterproject_customer_yen</CrmColumn>
      <CsvColumn>m_tsb_cur_bal_afterproject_customer_yen</CsvColumn>
    </Field>
    <Field>
      <CrmColumn>tsb_cur_bal_surface_yen</CrmColumn>
      <CsvColumn>m_tsb_cur_bal_surface_yen</CsvColumn>
    </Field>
    <Field>
      <CrmColumn>tsb_cur_fee_yen_etc1</CrmColumn>
      <CsvColumn>m_tsb_cur_fee_yen_etc1</CsvColumn>
    </Field>
    <Field>
      <CrmColumn>tsb_cur_fee_yen_etc2</CrmColumn>
      <CsvColumn>m_tsb_cur_fee_yen_etc2</CsvColumn>
    </Field>
    <Field>
      <CrmColumn>tsb_cur_fee_yen_etc3</CrmColumn>
      <CsvColumn>m_tsb_cur_fee_yen_etc3</CsvColumn>
    </Field>
    <Field>
      <CrmColumn>tsb_date_last_repayment</CrmColumn>
      <CsvColumn>m_tsb_date_last_repayment</CsvColumn>
    </Field>
    <Field>
      <CrmColumn>tsb_date_recovery_plan</CrmColumn>
      <CsvColumn>m_tsb_date_recovery_plan</CsvColumn>
    </Field>
    <Field>
      <CrmColumn>tsb_dcn_rate_contract</CrmColumn>
      <CsvColumn>m_tsb_dcn_rate_contract</CsvColumn>
    </Field>
    <Field>
      <CrmColumn>tsb_dcn_rate_conversion</CrmColumn>
      <CsvColumn>m_tsb_dcn_rate_conversion</CsvColumn>
    </Field>


    <Field>
      <CrmColumn>tsb_lup_code_responsible</CrmColumn>
      <CsvColumn>tsb_ops_type_organization,tsb_slt_name_or_code;[固定値]100000004,m_tsb_lup_code_responsible</CsvColumn>
    </Field>
    <Field>
      <CrmColumn>tsb_lup_name_customer</CrmColumn>
      <CsvColumn>tsb_slt_num_branch,tsb_slt_num_customer;m_tsb_slt_num_branch,m_tsb_slt_num_customer</CsvColumn>
    </Field>
    <Field>
      <CrmColumn>tsb_lup_name_team</CrmColumn>
      <CsvColumn>[LINK];tsb_organization_structure;tsb_lup_line;tsb_ops_type_organization,tsb_slt_name_or_code;[固定値]100000004,m_tsb_lup_code_responsible</CsvColumn>
    </Field>
    
    
    <Field>
      <CrmColumn>tsb_slt_num_account</CrmColumn>
      <CsvColumn>m_tsb_slt_num_account</CsvColumn>
    </Field>
    <Field>
      <CrmColumn>tsb_mlt_note</CrmColumn>
      <CsvColumn>m_tsb_mlt_note</CsvColumn>
    </Field>
    <Field>
      <CrmColumn>tsb_ops_content1</CrmColumn>
      <CsvColumn>m_tsb_ops_content1</CsvColumn>
    </Field>
    <Field>
      <CrmColumn>tsb_ops_content2</CrmColumn>
      <CsvColumn>m_tsb_ops_content2</CsvColumn>
    </Field>
    <Field>
      <CrmColumn>tsb_ops_content3</CrmColumn>
      <CsvColumn>m_tsb_ops_content3</CsvColumn>
    </Field>
    <Field>
      <CrmColumn>tsb_ops_contractrecovery_change_reason</CrmColumn>
      <CsvColumn>m_tsb_ops_contractrecovery_change_reason</CsvColumn>
    </Field>
    <Field>
      <CrmColumn>tsb_ops_currency</CrmColumn>
      <CsvColumn>m_tsb_ops_currency</CsvColumn>
    </Field>
    <Field>
      <CrmColumn>tsb_ops_method_repayment</CrmColumn>
      <CsvColumn>m_tsb_ops_method_repayment</CsvColumn>
    </Field>
    <Field>
      <CrmColumn>tsb_ops_orr_rank</CrmColumn>
      <CsvColumn>[LINK];account;tsb_ops_orr_rank;tsb_slt_num_branch,tsb_slt_num_customer;m_tsb_slt_num_branch,m_tsb_slt_num_customer</CsvColumn>
    </Field>
    <Field>
      <CrmColumn>tsb_ops_sbj</CrmColumn>
      <CsvColumn>m_tsb_ops_sbj</CsvColumn>
    </Field>
    <Field>
      <CrmColumn>tsb_ops_sector1</CrmColumn>
      <CsvColumn>[LINK];account;tsb_ops_sector;tsb_slt_num_branch,tsb_slt_num_customer;m_tsb_slt_num_branch,m_tsb_slt_num_customer</CsvColumn>
    </Field>
    <Field>
      <CrmColumn>tsb_ops_type_debtor</CrmColumn>
      <CsvColumn>[LINK];account;tsb_ops_type_debtor;tsb_slt_num_branch,tsb_slt_num_customer;m_tsb_slt_num_branch,m_tsb_slt_num_customer</CsvColumn>
    </Field>
    <Field>
      <CrmColumn>tsb_ops_type_recovery</CrmColumn>
      <CsvColumn>m_tsb_ops_type_recovery</CsvColumn>
    </Field>
    <Field>
      <CrmColumn>tsb_slt_contractrecovery_change_reason_etc</CrmColumn>
      <CsvColumn>m_tsb_slt_contractrecovery_change_reason_etc</CsvColumn>
    </Field>
    <Field>
      <CrmColumn>tsb_slt_method_repayment_etc</CrmColumn>
      <CsvColumn>m_tsb_slt_method_repayment_etc</CsvColumn>
    </Field>
    <Field>
      <CrmColumn>tsb_slt_name_project</CrmColumn>
      <CsvColumn>m_tsb_slt_name_project</CsvColumn>
    </Field>
    <Field>
      <CrmColumn>tsb_slt_num_branch</CrmColumn>
      <CsvColumn>m_tsb_slt_num_branch</CsvColumn>
    </Field>
    <Field>
      <CrmColumn>tsb_slt_num_customer</CrmColumn>
      <CsvColumn>m_tsb_slt_num_customer</CsvColumn>
    </Field>
    <Field>
      <CrmColumn>tsb_slt_sbj</CrmColumn>
      <CsvColumn>m_tsb_ops_sbj</CsvColumn>
    </Field>
    <Field>
      <CrmColumn>tsb_top_flg_manual_correction</CrmColumn>
      <OptionSetMapping>tsb_top_flg_manual_correction</OptionSetMapping>
      <CsvColumn>m_tsb_top_flg_manual_correction</CsvColumn>
    </Field>
    <Field>
      <CrmColumn>tsb_mlt_migration_remarks</CrmColumn>
      <CsvColumn>m_tsb_mlt_migration_remarks</CsvColumn>
    </Field>
    <Field>
      <CrmColumn>tsb_lup_num_loan</CrmColumn>
      <CsvColumn>tsb_slt_num_branch,tsb_slt_num_customer,tsb_slt_sbj,tsb_slt_num_loan;m_tsb_slt_num_branch,m_tsb_slt_num_customer,m_tsb_ops_sbj,m_tsb_slt_num_account</CsvColumn>
    </Field>
  </Fields>
</Configuration>
