<Configuration>
  <InputFilePath>BatchFileInput/JBS-BT-109</InputFilePath>
  <BackupPath>BatchFileBackup/JBS-BT-109</BackupPath>
  <ErrorPath>BatchFileError/JBS-BT-109</ErrorPath>
  <ThreadCount>5</ThreadCount>
  <BlockCount>100</BlockCount>
  <FileEncode>SJIS</FileEncode>
  <HaveTitle>TRUE</HaveTitle>
  <KeyFilePath>BatchKeyFiles</KeyFilePath>
  <KeyFiles>
    <KeyFile>systemuser</KeyFile>
    <KeyFile>account</KeyFile>
    <KeyFile>tsb_organization_structure</KeyFile>
    <KeyFile>tsb_amo_responsible</KeyFile>
    <KeyFile>tsb_code_am</KeyFile>
    <KeyFile>tsb_info_da</KeyFile>
    <KeyFile>tsb_term_covenants</KeyFile>
    <KeyFile>tsb_term_other_period</KeyFile>
    <KeyFile>tsb_term_monitoring</KeyFile>
    <KeyFile>tsb_detail_loan</KeyFile>
    <KeyFile>tsb_branch</KeyFile>
  </KeyFiles>
  <LogicName>tsb_period_list</LogicName>
  <NeedDelete>FALSE</NeedDelete>
  <NeedInactive>FALSE</NeedInactive>
  <SetOwner>TRUE</SetOwner>
  <OwnerSkip>FALSE</OwnerSkip>
  <SpecificUser>crmstub</SpecificUser>
  <SpecificDaNum>99999</SpecificDaNum>
  <Keys></Keys>
  <Headers>
    <Header LogicName="m_createdon" DisplayName="作成日" />
    <Header LogicName="m_statecode" DisplayName="状態" />
    <Header LogicName="m_statuscode" DisplayName="ステータス(標準)" />
    <Header LogicName="m_tsb_date_amo_check" DisplayName="ミドル確認日" />
    <Header LogicName="m_tsb_date_amo_check_conflict" DisplayName="ミドル確認日(抵触)" />
    <Header LogicName="m_tsb_date_conflict" DisplayName="抵触日" />
    <Header LogicName="m_tsb_date_conflict_cancel" DisplayName="抵触解消日" />
    <Header LogicName="m_tsb_date_conflict_info_entry" DisplayName="抵触情報登録日" />
    <Header LogicName="m_tsb_date_front_approval" DisplayName="フロント承認日" />
    <Header LogicName="m_tsb_date_frot_approval_conflict" DisplayName="フロント承認日(抵触)" />
    <Header LogicName="m_tsb_date_front_check1" DisplayName="フロント確認日1" />
    <Header LogicName="m_tsb_date_front_check1_conflict" DisplayName="フロント確認日1(抵触)" />
    <Header LogicName="m_tsb_date_fulfill" DisplayName="履行日" />
    <Header LogicName="m_tsb_date_fulfill_entry" DisplayName="履行登録日" />
    <Header LogicName="m_tsb_date_fulfill_period" DisplayName="履行期日" />
    <Header LogicName="m_tsb_date_judge_check1" DisplayName="審査確認日1" />
    <Header LogicName="m_tsb_date_judge_responsible_entry" DisplayName="審査担当登録日" />
    <Header LogicName="m_tsb_date_judge_responsible_entry_conflict" DisplayName="審査担当登録日(抵触)" />
    <Header LogicName="m_tsb_date_maintenance_period" DisplayName="整備期日" />
    <Header LogicName="m_tsb_lup_amo_checker" DisplayName="ミドル確認者" />
    <Header LogicName="m_tsb_lup_amo_checker_conflict" DisplayName="ミドル確認者(抵触)" />
    <Header LogicName="m_tsb_lup_amo_responsible" DisplayName="ミドル担当" />
    <Header LogicName="m_tsb_lup_conflict_info_registant" DisplayName="抵触情報登録者" />
    <Header LogicName="m_tsb_lup_end_notifier" DisplayName="終了通知者" />
    <Header LogicName="m_tsb_lup_front_approver" DisplayName="フロント承認者" />
    <Header LogicName="m_tsb_lup_front_approver_conflict" DisplayName="フロント承認者(抵触)" />
    <Header LogicName="m_tsb_lup_front_checker1" DisplayName="フロント確認者1" />
    <Header LogicName="m_tsb_lup_front_checker2" DisplayName="フロント確認者2" />
    <Header LogicName="m_tsb_lup_fulfill_entry" DisplayName="履行登録者" />
    <Header LogicName="m_tsb_lup_judge_checker1" DisplayName="審査確認者1" />
    <Header LogicName="m_tsb_lup_judge_checker2" DisplayName="審査確認者2" />
    <Header LogicName="m_tsb_lup_judge_responsible" DisplayName="審査担当者(基本)" />
    <Header LogicName="m_tsb_lup_judge_responsible_conflict" DisplayName="審査担当者(抵触)" />
    <Header LogicName="m_tsb_lup_judge_responsible_fulfill" DisplayName="審査担当者(履行)" />
    <Header LogicName="m_tsb_lup_judge_responsible_team" DisplayName="審査担当ライン" />
    <Header LogicName="m_tsb_lup_num_copy_info_covenants" DisplayName="Copy元情報番号(コベナンツ条件)" />
    <Header LogicName="m_tsb_lup_num_copy_info_monitoring" DisplayName="Copy元情報番号(モニタリング条件)" />
    <Header LogicName="m_tsb_lup_num_copy_info_other" DisplayName="Copy元情報番号(その他期日条件)" />
    <Header LogicName="m_tsb_lup_num_da" DisplayName="DA番号" />
    <Header LogicName="m_tsb_lup_num_loan_branch" DisplayName="融資番号_店番" />
    <Header LogicName="m_tsb_lup_num_loan_customer" DisplayName="融資番号_顧客番号" />
    <Header LogicName="m_tsb_lup_num_loan_kamoku" DisplayName="融資番号_科目" />
    <Header LogicName="m_tsb_lup_num_loan" DisplayName="融資番号" />
    <Header LogicName="m_tsb_lup_term_covenants" DisplayName="コベナンツ条件" />
    <Header LogicName="m_tsb_lup_term_monitoring" DisplayName="モニタリング条件" />
    <Header LogicName="m_tsb_lup_term_other_period" DisplayName="その他期日条件" />
    <Header LogicName="m_tsb_mlt_content" DisplayName="内容" />
    <Header LogicName="m_tsb_mlt_correspondence_policy" DisplayName="対応方針" />
    <Header LogicName="m_tsb_mlt_note" DisplayName="メモ" />
    <Header LogicName="m_tsb_mlt_status" DisplayName="状況" />
    <Header LogicName="m_tsb_mlt_supplement" DisplayName="補足" />
    <Header LogicName="m_tsb_ops_attribute_covenants" DisplayName="属性(コベナンツ条件)" />
    <Header LogicName="m_tsb_ops_attribute_monitoring" DisplayName="属性(モニタリング条件)" />
    <Header LogicName="m_tsb_ops_attribute_other" DisplayName="属性(その他期日条件)" />
    <Header LogicName="m_tsb_ops_detail_attribute" DisplayName="属性詳細" />
    <Header LogicName="m_tsb_ops_fulfill_result" DisplayName="履行結果" />
    <Header LogicName="m_tsb_ops_status" DisplayName="ステータス" />
    <Header LogicName="m_tsb_ops_term_unit" DisplayName="条件単位" />
    <Header LogicName="m_tsb_ops_type_info" DisplayName="情報種類" />
    <Header LogicName="m_tsb_slt_name_responsible" DisplayName="担当者名" />
    <Header LogicName="m_tsb_slt_num_branch" DisplayName="店番" />
    <Header LogicName="m_tsb_slt_num_customer" DisplayName="顧客番号" />
    <Header LogicName="m_tsb_slt_num_da_old" DisplayName="旧DA番号" />
    <Header LogicName="m_tsb_slt_num_target" DisplayName="対象年月" />
    <Header LogicName="m_tsb_top_amo_check" DisplayName="ミドル確認" />
    <Header LogicName="m_tsb_top_amo_check_conflict" DisplayName="ミドル確認(抵触)" />
    <Header LogicName="m_tsb_top_evidence_check" DisplayName="エビデンス確認" />
    <Header LogicName="m_tsb_top_evidence_check_conflict" DisplayName="エビデンス確認(抵触)" />
    <Header LogicName="m_tsb_mlt_migration_remarks" DisplayName="移行メモ" />
  </Headers>
  <Fields>
    <Field>
      <CrmColumn>overriddencreatedon</CrmColumn>
      <CsvColumn>m_createdon</CsvColumn>
    </Field>
    <Field>
      <CrmColumn>statecode</CrmColumn>
      <CsvColumn>m_statecode</CsvColumn>
    </Field>
    <Field>
      <CrmColumn>statuscode</CrmColumn>
      <CsvColumn>m_statuscode</CsvColumn>
    </Field>
    <Field>
      <CrmColumn>tsb_date_amo_check</CrmColumn>
      <CsvColumn>m_tsb_date_amo_check</CsvColumn>
    </Field>
    <Field>
      <CrmColumn>tsb_date_amo_check_conflict</CrmColumn>
      <CsvColumn>m_tsb_date_amo_check_conflict</CsvColumn>
    </Field>
    <Field>
      <CrmColumn>tsb_date_conflict</CrmColumn>
      <CsvColumn>m_tsb_date_conflict</CsvColumn>
    </Field>
    <Field>
      <CrmColumn>tsb_date_conflict_cancel</CrmColumn>
      <CsvColumn>m_tsb_date_conflict_cancel</CsvColumn>
    </Field>
    <Field>
      <CrmColumn>tsb_date_conflict_info_entry</CrmColumn>
      <CsvColumn>m_tsb_date_conflict_info_entry</CsvColumn>
    </Field>
    <Field>
      <CrmColumn>tsb_date_front_approval</CrmColumn>
      <CsvColumn>m_tsb_date_front_approval</CsvColumn>
    </Field>
    <Field>
      <CrmColumn>tsb_date_frot_approval_conflict</CrmColumn>
      <CsvColumn>m_tsb_date_frot_approval_conflict</CsvColumn>
    </Field>
    <Field>
      <CrmColumn>tsb_date_front_check1</CrmColumn>
      <CsvColumn>m_tsb_date_front_check1</CsvColumn>
    </Field>
    <Field>
      <CrmColumn>tsb_date_front_check1_conflict</CrmColumn>
      <CsvColumn>m_tsb_date_front_check1_conflict</CsvColumn>
    </Field>
    <Field>
      <CrmColumn>tsb_date_front_check2</CrmColumn>
      <CsvColumn>m_tsb_date_front_check1</CsvColumn>
    </Field>
    <Field>
      <CrmColumn>tsb_date_fulfill</CrmColumn>
      <CsvColumn>m_tsb_date_fulfill</CsvColumn>
    </Field>
    <Field>
      <CrmColumn>tsb_date_fulfill_entry</CrmColumn>
      <CsvColumn>m_tsb_date_fulfill_entry</CsvColumn>
    </Field>
    <Field>
      <CrmColumn>tsb_date_fulfill_period</CrmColumn>
      <CsvColumn>m_tsb_date_fulfill_period</CsvColumn>
    </Field>
    <Field>
      <CrmColumn>tsb_date_judge_check1</CrmColumn>
      <CsvColumn>m_tsb_date_judge_check1</CsvColumn>
    </Field>
    <Field>
      <CrmColumn>tsb_date_judge_check2</CrmColumn>
      <CsvColumn>m_tsb_date_front_check1</CsvColumn>
    </Field>
    <Field>
      <CrmColumn>tsb_date_judge_responsible_entry</CrmColumn>
      <CsvColumn>m_tsb_date_judge_responsible_entry</CsvColumn>
    </Field>
    <Field>
      <CrmColumn>tsb_date_judge_responsible_entry_conflict</CrmColumn>
      <CsvColumn>m_tsb_date_judge_responsible_entry_conflict</CsvColumn>
    </Field>
    <Field>
      <CrmColumn>tsb_date_maintenance_period</CrmColumn>
      <CsvColumn>m_tsb_date_maintenance_period</CsvColumn>
    </Field>
    <Field>
      <CrmColumn>tsb_lup_amo_checker</CrmColumn>
      <CsvColumn>tsb_slt_bank_clerk_id;m_tsb_lup_amo_checker</CsvColumn>
    </Field>
    <Field>
      <CrmColumn>tsb_lup_amo_checker_conflict</CrmColumn>
      <CsvColumn>tsb_slt_bank_clerk_id;m_tsb_lup_amo_checker_conflict</CsvColumn>
    </Field>
    <Field>
      <CrmColumn>tsb_lup_amo_responsible</CrmColumn>
      <CsvColumn>tsb_slt_amo_responsible_line;m_tsb_lup_amo_responsible</CsvColumn>
    </Field>
    <Field>
      <CrmColumn>tsb_lup_code_responsible</CrmColumn>
      <CsvColumn>[LINK];account;tsb_lup_code_responsible;tsb_slt_num_branch,tsb_slt_num_customer;m_tsb_slt_num_branch,m_tsb_slt_num_customer</CsvColumn>
    </Field>
    <Field>
      <CrmColumn>tsb_lup_conflict_info_registant</CrmColumn>
      <CsvColumn>tsb_slt_bank_clerk_id;m_tsb_lup_conflict_info_registant</CsvColumn>
    </Field>
    <Field>
      <CrmColumn>tsb_lup_end_notifier</CrmColumn>
      <CsvColumn>tsb_slt_bank_clerk_id;m_tsb_lup_end_notifier</CsvColumn>
    </Field>
    <Field>
      <CrmColumn>tsb_lup_front_approver</CrmColumn>
      <CsvColumn>tsb_slt_bank_clerk_id;m_tsb_lup_front_approver</CsvColumn>
    </Field>
    <Field>
      <CrmColumn>tsb_lup_front_approver_conflict</CrmColumn>
      <CsvColumn>tsb_slt_bank_clerk_id;m_tsb_lup_front_approver_conflict</CsvColumn>
    </Field>
    <Field>
      <CrmColumn>tsb_lup_front_checker1</CrmColumn>
      <CsvColumn>tsb_slt_bank_clerk_id;m_tsb_lup_front_checker1</CsvColumn>
    </Field>
    <Field>
      <CrmColumn>tsb_lup_front_responsible_department</CrmColumn>
      <CsvColumn>[LINK];account;[LINK]@tsb_lup_code_responsible@tsb_organization_structure@tsb_lup_department@guid;tsb_slt_num_branch,tsb_slt_num_customer;m_tsb_slt_num_branch,m_tsb_slt_num_customer</CsvColumn>
    </Field>
    <Field>
      <CrmColumn>tsb_lup_front_responsible_line</CrmColumn>
      <CsvColumn>[LINK];account;[LINK]@tsb_lup_code_responsible@tsb_organization_structure@tsb_lup_line@guid;tsb_slt_num_branch,tsb_slt_num_customer;m_tsb_slt_num_branch,m_tsb_slt_num_customer</CsvColumn>
    </Field>
    <Field>
      <CrmColumn>tsb_lup_front_checker2</CrmColumn>
      <CsvColumn>tsb_slt_bank_clerk_id;m_tsb_lup_front_checker2</CsvColumn>
    </Field>
    <Field>
      <CrmColumn>tsb_lup_fulfill_entry</CrmColumn>
      <CsvColumn>tsb_slt_bank_clerk_id;m_tsb_lup_fulfill_entry</CsvColumn>
    </Field>
    <Field>
      <CrmColumn>tsb_lup_judge_checker1</CrmColumn>
      <CsvColumn>tsb_slt_bank_clerk_id;m_tsb_lup_judge_checker1</CsvColumn>
    </Field>
    <Field>
      <CrmColumn>tsb_lup_judge_checker2</CrmColumn>
      <CsvColumn>tsb_slt_bank_clerk_id;m_tsb_lup_judge_checker2</CsvColumn>
    </Field>
    <Field>
      <CrmColumn>tsb_lup_judge_responsible_conflict</CrmColumn>
      <CsvColumn>tsb_slt_bank_clerk_id;m_tsb_lup_judge_responsible_conflict</CsvColumn>
    </Field>
    <Field>
      <CrmColumn>tsb_lup_judge_responsible_fulfill</CrmColumn>
      <CsvColumn>tsb_slt_bank_clerk_id;m_tsb_lup_judge_responsible_fulfill</CsvColumn>
    </Field>
    <Field>
      <CrmColumn>tsb_lup_name_branch</CrmColumn>
      <CsvColumn>tsb_slt_num_branch;m_tsb_slt_num_branch</CsvColumn>
    </Field>
    <Field>
      <CrmColumn>tsb_lup_name_customer</CrmColumn>
      <CsvColumn>tsb_slt_num_branch,tsb_slt_num_customer;m_tsb_slt_num_branch,m_tsb_slt_num_customer</CsvColumn>
    </Field>
    <Field>
      <CrmColumn skip="true">tsb_lup_num_copy_info_covenants</CrmColumn>
      <CsvColumn>tsb_slt_num_info;m_tsb_lup_num_copy_info_covenants</CsvColumn>
    </Field>
    <Field>
      <CrmColumn skip="true">tsb_lup_num_copy_info_other</CrmColumn>
      <CsvColumn>tsb_slt_num_info;m_tsb_lup_num_copy_info_other</CsvColumn>
    </Field>
    <Field>
      <CrmColumn>tsb_lup_num_da</CrmColumn>
      <CsvColumn>tsb_slt_num_da;m_tsb_lup_num_da</CsvColumn>
    </Field>
    <Field>
      <CrmColumn skip="true">tsb_lup_num_loan</CrmColumn>
      <CsvColumn>tsb_slt_num_branch,tsb_slt_num_customer,tsb_slt_sbj,tsb_slt_num_loan;m_tsb_lup_num_loan_branch,m_tsb_lup_num_loan_customer,m_tsb_lup_num_loan_kamoku,m_tsb_lup_num_loan</CsvColumn>
    </Field>
    <Field>
      <CrmColumn>tsb_lup_term_covenants</CrmColumn>
      <CsvColumn>tsb_slt_num_info;m_tsb_lup_term_covenants</CsvColumn>
    </Field>
    <Field>
      <CrmColumn>tsb_lup_term_monitoring</CrmColumn>
      <CsvColumn>tsb_slt_num_info;m_tsb_lup_term_monitoring</CsvColumn>
    </Field>
    <Field>
      <CrmColumn>tsb_lup_term_other_period</CrmColumn>
      <CsvColumn>tsb_slt_num_info;m_tsb_lup_term_other_period</CsvColumn>
    </Field>
    <Field>
      <CrmColumn>tsb_mlt_content</CrmColumn>
      <CsvColumn>m_tsb_mlt_content</CsvColumn>
    </Field>
    <Field>
      <CrmColumn>tsb_mlt_correspondence_policy</CrmColumn>
      <CsvColumn>m_tsb_mlt_correspondence_policy</CsvColumn>
    </Field>
    <Field>
      <CrmColumn>tsb_mlt_note</CrmColumn>
      <CsvColumn>m_tsb_mlt_note</CsvColumn>
    </Field>
    <Field>
      <CrmColumn>tsb_mlt_status</CrmColumn>
      <CsvColumn>m_tsb_mlt_status</CsvColumn>
    </Field>
    <Field>
      <CrmColumn>tsb_mlt_supplement</CrmColumn>
      <CsvColumn>m_tsb_mlt_supplement</CsvColumn>
    </Field>
    <Field>
      <CrmColumn>tsb_ops_attribute_covenants</CrmColumn>
      <CsvColumn>m_tsb_ops_attribute_covenants</CsvColumn>
    </Field>
    <Field>
      <CrmColumn>tsb_ops_attribute_monitoring</CrmColumn>
      <OptionSetMapping>tsb_ops_attribute_monitoring</OptionSetMapping>
      <CsvColumn>m_tsb_ops_attribute_monitoring</CsvColumn>
    </Field>
    <Field>
      <CrmColumn>tsb_ops_attribute_other</CrmColumn>
      <CsvColumn>m_tsb_ops_attribute_other</CsvColumn>
    </Field>
    <Field>
      <CrmColumn>tsb_ops_detail_attribute</CrmColumn>
      <OptionSetMapping>tsb_ops_info_attribute</OptionSetMapping>
      <CsvColumn>m_tsb_ops_detail_attribute</CsvColumn>
    </Field>
    <Field>
      <CrmColumn>tsb_ops_fulfill_result</CrmColumn>
      <CsvColumn>m_tsb_ops_fulfill_result</CsvColumn>
    </Field>
    <Field>
      <CrmColumn>tsb_ops_status</CrmColumn>
      <CsvColumn>m_tsb_ops_status</CsvColumn>
    </Field>
    <Field>
      <CrmColumn>tsb_ops_type_info</CrmColumn>
      <CsvColumn>m_tsb_ops_type_info</CsvColumn>
    </Field>
    <Field>
      <CrmColumn>tsb_slt_name_responsible</CrmColumn>
      <CsvColumn>[LINK];account;[LINK]@tsb_lup_code_responsible@tsb_organization_structure@tsb_slt_name_organization;tsb_slt_num_branch,tsb_slt_num_customer;m_tsb_slt_num_branch,m_tsb_slt_num_customer</CsvColumn>
    </Field>
    <Field>
      <CrmColumn>tsb_slt_num_branch</CrmColumn>
      <CsvColumn>m_tsb_slt_num_branch</CsvColumn>
    </Field>
    <Field>
      <CrmColumn>tsb_slt_num_customer</CrmColumn>
      <CsvColumn>m_tsb_slt_num_customer</CsvColumn>
    </Field>
    <Field>
      <CrmColumn>tsb_slt_num_da_old</CrmColumn>
      <CsvColumn>m_tsb_slt_num_da_old</CsvColumn>
    </Field>
    <Field>
      <CrmColumn>tsb_slt_num_target</CrmColumn>
      <CsvColumn>m_tsb_slt_num_target</CsvColumn>
    </Field>
    <Field>
      <CrmColumn>tsb_top_amo_check</CrmColumn>
      <CsvColumn>m_tsb_top_amo_check</CsvColumn>
    </Field>
    <Field>
      <CrmColumn>tsb_top_amo_check_conflict</CrmColumn>
      <CsvColumn>m_tsb_top_amo_check_conflict</CsvColumn>
    </Field>
    <Field>
      <CrmColumn>tsb_top_evidence_check</CrmColumn>
      <CsvColumn>m_tsb_top_evidence_check</CsvColumn>
    </Field>
    <Field>
      <CrmColumn>tsb_top_evidence_check_conflict</CrmColumn>
      <CsvColumn>m_tsb_top_evidence_check_conflict</CsvColumn>
    </Field>
    <Field>
      <CrmColumn>tsb_mlt_migration_remarks</CrmColumn>
      <CsvColumn>m_tsb_mlt_migration_remarks</CsvColumn>
    </Field>
  </Fields>
</Configuration>