﻿<Configuration>
  <InputFilePath>BatchFileInput/JBS-BT-107</InputFilePath>
  <BackupPath>BatchFileBackup/JBS-BT-107</BackupPath>
  <ErrorPath>BatchFileError/JBS-BT-107</ErrorPath>
  <ThreadCount>5</ThreadCount>
  <BlockCount>100</BlockCount>
  <FileEncode>SJIS</FileEncode>
  <HaveTitle>TRUE</HaveTitle>
  <KeyFilePath>BatchKeyFiles</KeyFilePath>
  <KeyFiles>
    <KeyFile>systemuser</KeyFile>
    <KeyFile>account</KeyFile>
    <KeyFile>tsb_organization_structure</KeyFile>
    <KeyFile>tsb_info_da</KeyFile>
    <KeyFile>tsb_detail_loan</KeyFile>
    <KeyFile>tsb_term_monitoring</KeyFile>
    <KeyFile>tsb_info_cras</KeyFile>
  </KeyFiles>
  <LogicName>tsb_term_monitoring</LogicName>
  <NeedDelete>FALSE</NeedDelete>
  <NeedInactive>FALSE</NeedInactive>
  <SetOwner>TRUE</SetOwner>
  <OwnerSkip>FALSE</OwnerSkip>
  <SpecificUser>crmstub</SpecificUser>
  <SpecificDaNum>99999</SpecificDaNum>
  <Keys></Keys>
  <Headers>
    <Header LogicName="m_createdon" DisplayName="作成日" />
    <Header LogicName="m_statecode" DisplayName="状態" />
    <Header LogicName="m_statuscode" DisplayName="ステータス(標準)" />
    <Header LogicName="m_tsb_date" DisplayName="年月日" />
    <Header LogicName="m_tsb_date_check" DisplayName="確認日" />
    <Header LogicName="m_tsb_date_delete" DisplayName="削除日" />
    <Header LogicName="m_tsb_date_delete_request" DisplayName="削除依頼日" />
    <Header LogicName="m_tsb_date_fulfill_check_end" DisplayName="履行確認終了日" />
    <Header LogicName="m_tsb_date_fulfill_check_start" DisplayName="履行確認開始日" />
    <Header LogicName="m_tsb_int_date_fulfill_check" DisplayName="履行確認日" />
    <Header LogicName="m_tsb_lup_checker" DisplayName="確認者" />
    <Header LogicName="m_tsb_lup_dalete_requester" DisplayName="削除依頼者" />
    <Header LogicName="m_tsb_lup_judge_responsible_line_workflow" DisplayName="審査担当ライン" />
    <Header LogicName="m_tsb_lup_num_da" DisplayName="DA番号" />
    <Header LogicName="m_tsb_lup_num_loan_branch" DisplayName="融資番号_店番" />
    <Header LogicName="m_tsb_lup_num_loan_customer" DisplayName="融資番号_顧客番号" />
    <Header LogicName="m_tsb_lup_num_loan_kamoku" DisplayName="融資番号_科目" />
    <Header LogicName="m_tsb_lup_num_loan" DisplayName="融資番号" />
    <Header LogicName="m_tsb_mlt_content" DisplayName="内容" />
    <Header LogicName="m_tsb_mlt_delete_reason" DisplayName="削除理由(テキスト)" />
    <Header LogicName="m_tsb_mlt_note" DisplayName="備考" />
    <Header LogicName="m_tsb_ops_attribute" DisplayName="属性" />
    <Header LogicName="m_tsb_ops_delete_reason" DisplayName="削除理由(オプションセット)" />
    <Header LogicName="m_tsb_ops_status" DisplayName="ステータス" />
    <Header LogicName="m_tsb_ops_type_date" DisplayName="日付区分" />
    <Header LogicName="m_tsb_ops_type_holiday" DisplayName="休日区分" />
    <Header LogicName="m_tsb_ops_type_period" DisplayName="期日種別" />
    <Header LogicName="m_tsb_slt_num_branch" DisplayName="店番" />
    <Header LogicName="m_tsb_slt_num_customer" DisplayName="顧客番号" />
    <Header LogicName="m_tsb_slt_num_da_old" DisplayName="旧DA番号" />
    <Header LogicName="m_tsb_slt_num_info" DisplayName="情報番号" />
    <Header LogicName="m_tsb_top_monthly" DisplayName="毎月" />
    <Header LogicName="m_tsb_top_jan" DisplayName="01月" />
    <Header LogicName="m_tsb_top_feb" DisplayName="02月" />
    <Header LogicName="m_tsb_top_mar" DisplayName="03月" />
    <Header LogicName="m_tsb_top_apr" DisplayName="04月" />
    <Header LogicName="m_tsb_top_may" DisplayName="05月" />
    <Header LogicName="m_tsb_top_jun" DisplayName="06月" />
    <Header LogicName="m_tsb_top_jul" DisplayName="07月" />
    <Header LogicName="m_tsb_top_aug" DisplayName="08月" />
    <Header LogicName="m_tsb_top_sep" DisplayName="09月" />
    <Header LogicName="m_tsb_top_oct" DisplayName="10月" />
    <Header LogicName="m_tsb_top_nov" DisplayName="11月" />
    <Header LogicName="m_tsb_top_dec" DisplayName="12月" />
    <Header LogicName="m_tsb_top_period_list_exclud" DisplayName="期日リスト対象外" />
    <Header LogicName="m_tsb_top_period_list_created" DisplayName="期日リスト作成済" />
    <Header LogicName="m_tsb_ops_code_country" DisplayName="国(祝日)" />
    <Header LogicName="m_tsb_mlt_migration_remarks" DisplayName="移行メモ" />
  </Headers>
  <Fields>
    <Field>
      <CrmColumn>overriddencreatedon</CrmColumn>
      <CsvColumn>m_createdon</CsvColumn>
    </Field>
    <Field>
      <CrmColumn>statecode</CrmColumn>
      <CsvColumn>m_statecode</CsvColumn>
    </Field>
    <Field>
      <CrmColumn>statuscode</CrmColumn>
      <CsvColumn>m_statuscode</CsvColumn>
    </Field>
    <Field>
      <CrmColumn>tsb_date</CrmColumn>
      <CsvColumn>m_tsb_date</CsvColumn>
    </Field>
    <Field>
      <CrmColumn>tsb_date_check</CrmColumn>
      <CsvColumn>m_tsb_date_check</CsvColumn>
    </Field>
    <Field>
      <CrmColumn>tsb_date_delete</CrmColumn>
      <CsvColumn>m_tsb_date_delete</CsvColumn>
    </Field>
    <Field>
      <CrmColumn>tsb_date_delete_request</CrmColumn>
      <CsvColumn>m_tsb_date_delete_request</CsvColumn>
    </Field>
    <Field>
      <CrmColumn>tsb_date_fulfill_check_end</CrmColumn>
      <CsvColumn>m_tsb_date_fulfill_check_end</CsvColumn>
    </Field>
    <Field>
      <CrmColumn>tsb_date_fulfill_check_start</CrmColumn>
      <CsvColumn>m_tsb_date_fulfill_check_start</CsvColumn>
    </Field>
    <Field>
      <CrmColumn>tsb_int_date_fulfill_check</CrmColumn>
      <CsvColumn>m_tsb_int_date_fulfill_check</CsvColumn>
    </Field>
    <Field>
      <CrmColumn>tsb_int_date_specify_trade</CrmColumn>
      <CsvColumn>m_tsb_int_date_fulfill_check</CsvColumn>
    </Field>
    <Field>
      <CrmColumn>tsb_lup_checker</CrmColumn>
      <CsvColumn>tsb_slt_bank_clerk_id;m_tsb_lup_checker</CsvColumn>
    </Field>
    <Field>
      <CrmColumn>tsb_lup_code_responsible</CrmColumn>
      <CsvColumn>[LINK];account;tsb_lup_code_responsible;tsb_slt_num_branch,tsb_slt_num_customer;m_tsb_slt_num_branch,m_tsb_slt_num_customer</CsvColumn>
    </Field>
    <Field>
      <CrmColumn>tsb_lup_dalete_requester</CrmColumn>
      <CsvColumn>tsb_slt_bank_clerk_id;m_tsb_lup_dalete_requester</CsvColumn>
    </Field>
    <Field>
      <CrmColumn>tsb_lup_department</CrmColumn>
      <CsvColumn>[LINK];account;[LINK]@tsb_lup_code_responsible@tsb_organization_structure@tsb_lup_department;tsb_slt_num_branch,tsb_slt_num_customer;m_tsb_slt_num_branch,m_tsb_slt_num_customer</CsvColumn>
    </Field>
    <Field>
      <CrmColumn>tsb_lup_front_checker1</CrmColumn>
      <CsvColumn>[LINK];tsb_info_cras;[LINK]@tsb_slt_num_bank_clerk_approval1@systemuser@guid@tsb_slt_bank_clerk_id;tsb_slt_num_branch,tsb_slt_num_customer;m_tsb_slt_num_branch,m_tsb_slt_num_customer</CsvColumn>
    </Field>
    <Field>
      <CrmColumn>tsb_lup_front_checker2</CrmColumn>
      <CsvColumn>[LINK];tsb_info_cras;[LINK]@tsb_slt_num_bank_clerk_check1@systemuser@guid@tsb_slt_bank_clerk_id;tsb_slt_num_branch,tsb_slt_num_customer;m_tsb_slt_num_branch,m_tsb_slt_num_customer</CsvColumn>
    </Field>
    <Field>
      <CrmColumn>tsb_lup_judge_checker1</CrmColumn>
      <CsvColumn>[LINK];tsb_info_cras;[LINK]@tsb_slt_num_bank_clerk_seniorcheck2@systemuser@guid@tsb_slt_bank_clerk_id;tsb_slt_num_branch,tsb_slt_num_customer;m_tsb_slt_num_branch,m_tsb_slt_num_customer</CsvColumn>
    </Field>
    <Field>
      <CrmColumn>tsb_lup_judge_checker2</CrmColumn>
      <CsvColumn>tsb_slt_bank_clerk_id;[固定値]crmstub</CsvColumn>
    </Field>
    <Field>
      <CrmColumn>tsb_lup_judge_responsible</CrmColumn>
      <CsvColumn>[LINK];tsb_info_cras;[LINK]@tsb_slt_num_bank_clerk_approval2@systemuser@guid@tsb_slt_bank_clerk_id;tsb_slt_num_branch,tsb_slt_num_customer;m_tsb_slt_num_branch,m_tsb_slt_num_customer</CsvColumn>
    </Field>
    <Field>
      <CrmColumn>tsb_lup_line</CrmColumn>
      <CsvColumn>[LINK];account;[LINK]@tsb_lup_code_responsible@tsb_organization_structure@tsb_lup_line;tsb_slt_num_branch,tsb_slt_num_customer;m_tsb_slt_num_branch,m_tsb_slt_num_customer</CsvColumn>
    </Field>
    <Field>
      <CrmColumn>tsb_lup_name_customer</CrmColumn>
      <CsvColumn>tsb_slt_num_branch,tsb_slt_num_customer;m_tsb_slt_num_branch,m_tsb_slt_num_customer</CsvColumn>
    </Field>
    <Field>
      <CrmColumn>tsb_lup_num_da</CrmColumn>
      <CsvColumn>tsb_slt_num_da;m_tsb_lup_num_da</CsvColumn>
    </Field>
    <Field>
      <CrmColumn skip="true">tsb_lup_num_loan</CrmColumn>
      <CsvColumn>tsb_slt_num_branch,tsb_slt_num_customer,tsb_slt_sbj,tsb_slt_num_loan;m_tsb_lup_num_loan_branch,m_tsb_lup_num_loan_customer,m_tsb_lup_num_loan_kamoku,m_tsb_lup_num_loan</CsvColumn>
    </Field>
    <Field>
      <CrmColumn>tsb_mlt_content</CrmColumn>
      <CsvColumn>m_tsb_mlt_content</CsvColumn>
    </Field>
    <Field>
      <CrmColumn>tsb_mlt_delete_reason</CrmColumn>
      <CsvColumn>m_tsb_mlt_delete_reason</CsvColumn>
    </Field>
    <Field>
      <CrmColumn>tsb_mlt_note</CrmColumn>
      <CsvColumn>m_tsb_mlt_note</CsvColumn>
    </Field>
    <Field>
      <CrmColumn>tsb_ops_attribute</CrmColumn>
      <CsvColumn>m_tsb_ops_attribute</CsvColumn>
    </Field>
    <Field>
      <CrmColumn>tsb_ops_delete_reason</CrmColumn>
      <CsvColumn>m_tsb_ops_delete_reason</CsvColumn>
    </Field>
    <Field>
      <CrmColumn>tsb_ops_status</CrmColumn>
      <CsvColumn>m_tsb_ops_status</CsvColumn>
    </Field>
    <Field>
      <CrmColumn>tsb_ops_type_date</CrmColumn>
      <CsvColumn>m_tsb_ops_type_date</CsvColumn>
    </Field>
    <Field>
      <CrmColumn>tsb_ops_type_holiday</CrmColumn>
      <OptionSetMapping>tsb_ops_type_holiday</OptionSetMapping>
      <CsvColumn>m_tsb_ops_type_holiday</CsvColumn>
    </Field>
    <Field>
      <CrmColumn>tsb_ops_type_period</CrmColumn>
      <CsvColumn>m_tsb_ops_type_period</CsvColumn>
    </Field>
    <Field>
      <CrmColumn>tsb_slt_name_responsible</CrmColumn>
      <CsvColumn>[LINK];account;[LINK]@tsb_lup_code_responsible@tsb_organization_structure@tsb_slt_name_organization;tsb_slt_num_branch,tsb_slt_num_customer;m_tsb_slt_num_branch,m_tsb_slt_num_customer</CsvColumn>
    </Field>
    <Field>
      <CrmColumn>tsb_slt_num_branch</CrmColumn>
      <CsvColumn>m_tsb_slt_num_branch</CsvColumn>
    </Field>
    <Field>
      <CrmColumn>tsb_slt_num_customer</CrmColumn>
      <CsvColumn>m_tsb_slt_num_customer</CsvColumn>
    </Field>
    <Field>
      <CrmColumn>tsb_slt_num_da_old</CrmColumn>
      <CsvColumn>m_tsb_slt_num_da_old</CsvColumn>
    </Field>
    <Field>
      <CrmColumn>tsb_slt_num_info</CrmColumn>
      <CsvColumn>m_tsb_slt_num_info</CsvColumn>
    </Field>
    <Field>
      <CrmColumn>tsb_top_monthly</CrmColumn>
      <OptionSetMapping>tsb_ops_onoff</OptionSetMapping>
      <CsvColumn>m_tsb_top_monthly</CsvColumn>
    </Field>
    <Field>
      <CrmColumn>tsb_top_jan</CrmColumn>
      <OptionSetMapping>tsb_ops_onoff</OptionSetMapping>
      <CsvColumn>m_tsb_top_jan</CsvColumn>
    </Field>
    <Field>
      <CrmColumn>tsb_top_feb</CrmColumn>
      <OptionSetMapping>tsb_ops_onoff</OptionSetMapping>
      <CsvColumn>m_tsb_top_feb</CsvColumn>
    </Field>
    <Field>
      <CrmColumn>tsb_top_mar</CrmColumn>
      <OptionSetMapping>tsb_ops_onoff</OptionSetMapping>
      <CsvColumn>m_tsb_top_mar</CsvColumn>
    </Field>
    <Field>
      <CrmColumn>tsb_top_apr</CrmColumn>
      <OptionSetMapping>tsb_ops_onoff</OptionSetMapping>
      <CsvColumn>m_tsb_top_apr</CsvColumn>
    </Field>
    <Field>
      <CrmColumn>tsb_top_may</CrmColumn>
      <OptionSetMapping>tsb_ops_onoff</OptionSetMapping>
      <CsvColumn>m_tsb_top_may</CsvColumn>
    </Field>
    <Field>
      <CrmColumn>tsb_top_jun</CrmColumn>
      <OptionSetMapping>tsb_ops_onoff</OptionSetMapping>
      <CsvColumn>m_tsb_top_jun</CsvColumn>
    </Field>
    <Field>
      <CrmColumn>tsb_top_jul</CrmColumn>
      <OptionSetMapping>tsb_ops_onoff</OptionSetMapping>
      <CsvColumn>m_tsb_top_jul</CsvColumn>
    </Field>
    <Field>
      <CrmColumn>tsb_top_aug</CrmColumn>
      <OptionSetMapping>tsb_ops_onoff</OptionSetMapping>
      <CsvColumn>m_tsb_top_aug</CsvColumn>
    </Field>
    <Field>
      <CrmColumn>tsb_top_sep</CrmColumn>
      <OptionSetMapping>tsb_ops_onoff</OptionSetMapping>
      <CsvColumn>m_tsb_top_sep</CsvColumn>
    </Field>
    <Field>
      <CrmColumn>tsb_top_oct</CrmColumn>
      <OptionSetMapping>tsb_ops_onoff</OptionSetMapping>
      <CsvColumn>m_tsb_top_oct</CsvColumn>
    </Field>
    <Field>
      <CrmColumn>tsb_top_nov</CrmColumn>
      <OptionSetMapping>tsb_ops_onoff</OptionSetMapping>
      <CsvColumn>m_tsb_top_nov</CsvColumn>
    </Field>
    <Field>
      <CrmColumn>tsb_top_dec</CrmColumn>
      <OptionSetMapping>tsb_ops_onoff</OptionSetMapping>
      <CsvColumn>m_tsb_top_dec</CsvColumn>
    </Field>
    <Field>
      <CrmColumn>tsb_top_period_list_exclud</CrmColumn>
      <OptionSetMapping>tsb_ops_onoff</OptionSetMapping>
      <CsvColumn>m_tsb_top_period_list_exclud</CsvColumn>
    </Field>
    <Field>
      <CrmColumn>tsb_top_period_list_created</CrmColumn>
      <CsvColumn>m_tsb_top_period_list_created</CsvColumn>
    </Field>
    <Field>
      <CrmColumn>tsb_ops_code_country</CrmColumn>
      <CsvColumn>m_tsb_ops_code_country</CsvColumn>
    </Field>
    <Field>
      <CrmColumn>tsb_mlt_migration_remarks</CrmColumn>
      <CsvColumn>m_tsb_mlt_migration_remarks</CsvColumn>
    </Field>
  </Fields>
</Configuration>
