<Configuration>
  <!-- ===================== ON/OFF ===================== -->
  <OptionMap>
    <OptionName>tsb_ops_onoff</OptionName>
    <Option>
      <FromValue>ON</FromValue>
      <ToValue>はい</ToValue>
    </Option>
    <Option>
      <FromValue>OFF</FromValue>
      <ToValue>いいえ</ToValue>
    </Option>
    <Option>
      <FromValue>はい</FromValue>
      <ToValue>はい</ToValue>
    </Option>
    <Option>
      <FromValue>いいえ</FromValue>
      <ToValue>いいえ</ToValue>
    </Option>
    <Option>
      <FromValue>有</FromValue>
      <ToValue>はい</ToValue>
    </Option>
    <Option>
      <FromValue>無</FromValue>
      <ToValue>いいえ</ToValue>
    </Option>
    <Option>
      <FromValue>チェック</FromValue>
      <ToValue>はい</ToValue>
    </Option>
    <Option>
      <FromValue>未チェック</FromValue>
      <ToValue>いいえ</ToValue>
    </Option>
    <Option>
      <FromValue>1</FromValue>
      <ToValue>はい</ToValue>
    </Option>
    <Option>
      <FromValue>0</FromValue>
      <ToValue>いいえ</ToValue>
    </Option>
  </OptionMap>
  <!-- ===================== 応対記録 105 ===================== -->
  <!-- 承認者(1)レビュー結果 -->
  <OptionMap>
    <OptionName>tsb_ops_approver1_review_result</OptionName>
    <Option>
      <FromValue>無し</FromValue>
      <ToValue>100000001</ToValue>
    </Option>
    <Option>
      <FromValue>有り</FromValue>
      <ToValue>100000000</ToValue>
    </Option>
    <Option>
      <FromValue>OK</FromValue>
      <ToValue>100000001</ToValue>
    </Option>
    <Option>
      <FromValue>NG</FromValue>
      <ToValue>100000000</ToValue>
    </Option>
  </OptionMap>
  <!-- 承認者(2)レビュー結果 -->
  <OptionMap>
    <OptionName>tsb_ops_approver2_review_result</OptionName>
    <Option>
      <FromValue>無し</FromValue>
      <ToValue>100000001</ToValue>
    </Option>
    <Option>
      <FromValue>有り</FromValue>
      <ToValue>100000000</ToValue>
    </Option>
    <Option>
      <FromValue>OK</FromValue>
      <ToValue>100000001</ToValue>
    </Option>
    <Option>
      <FromValue>NG</FromValue>
      <ToValue>100000000</ToValue>
    </Option>
  </OptionMap>
  <!-- 外国銀行代理業 -->
  <OptionMap>
    <OptionName>tsb_ops_fgnbank_agent</OptionName>
    <Option>
      <FromValue>CTBCBank</FromValue>
      <ToValue>100000000</ToValue>
    </Option>
    <Option>
      <FromValue>CTBC Bank</FromValue>
      <ToValue>100000000</ToValue>
    </Option>
  </OptionMap>
  <!-- 手段 -->
  <OptionMap>
    <OptionName>tsb_ops_method</OptionName>
    <Option>
      <FromValue>受電</FromValue>
      <ToValue>100000000</ToValue>
    </Option>
    <Option>
      <FromValue>架電</FromValue>
      <ToValue>100000001</ToValue>
    </Option>
    <Option>
      <FromValue>電話会議</FromValue>
      <ToValue>100000002</ToValue>
    </Option>
    <Option>
      <FromValue>来訪</FromValue>
      <ToValue>100000003</ToValue>
    </Option>
    <Option>
      <FromValue>往訪</FromValue>
      <ToValue>100000004</ToValue>
    </Option>
    <Option>
      <FromValue>メール</FromValue>
      <ToValue>100000005</ToValue>
    </Option>
    <Option>
      <FromValue>その他</FromValue>
      <ToValue>100000006</ToValue>
    </Option>
    <Option>
      <FromValue>受電</FromValue>
      <ToValue>100000000</ToValue>
    </Option>
    <Option>
      <FromValue>架電</FromValue>
      <ToValue>100000001</ToValue>
    </Option>
    <Option>
      <FromValue>電話・TV会議</FromValue>
      <ToValue>100000002</ToValue>
    </Option>
    <Option>
      <FromValue>来訪</FromValue>
      <ToValue>100000003</ToValue>
    </Option>
    <Option>
      <FromValue>往訪</FromValue>
      <ToValue>100000004</ToValue>
    </Option>
    <Option>
      <FromValue>メール</FromValue>
      <ToValue>100000005</ToValue>
    </Option>
    <Option>
      <FromValue>その他</FromValue>
      <ToValue>100000006</ToValue>
    </Option>
  </OptionMap>
  <!-- 応対結果 -->
  <OptionMap>
    <OptionName>tsb_ops_reception_result</OptionName>
    <Option>
      <FromValue>継続</FromValue>
      <ToValue>100000000</ToValue>
    </Option>
    <Option>
      <FromValue>謝絶</FromValue>
      <ToValue>100000001</ToValue>
    </Option>
    <Option>
      <FromValue>取下げ</FromValue>
      <ToValue>100000002</ToValue>
    </Option>
    <Option>
      <FromValue>応諾</FromValue>
      <ToValue>100000000</ToValue>
    </Option>
    <Option>
      <FromValue>終了・完了</FromValue>
      <ToValue>100000003</ToValue>
    </Option>
    <Option>
      <FromValue>交渉中</FromValue>
      <ToValue>100000000</ToValue>
    </Option>
    <Option>
      <FromValue>その他</FromValue>
      <ToValue>100000004</ToValue>
    </Option>
    <Option>
      <FromValue>継続</FromValue>
      <ToValue>100000000</ToValue>
    </Option>
    <Option>
      <FromValue>謝絶</FromValue>
      <ToValue>100000001</ToValue>
    </Option>
    <Option>
      <FromValue>取下げ</FromValue>
      <ToValue>100000002</ToValue>
    </Option>
    <Option>
      <FromValue>継続</FromValue>
      <ToValue>100000000</ToValue>
    </Option>
    <Option>
      <FromValue>終了</FromValue>
      <ToValue>100000003</ToValue>
    </Option>
    <Option>
      <FromValue>その他</FromValue>
      <ToValue>100000004</ToValue>
    </Option>
  </OptionMap>
  <!-- 進捗状況 -->
  <OptionMap>
    <OptionName>tsb_ops_status_underway</OptionName>
    <Option>
      <FromValue>一時保存</FromValue>
      <ToValue>100000000</ToValue>
    </Option>
    <Option>
      <FromValue>上席確認依頼中</FromValue>
      <ToValue>100000001</ToValue>
    </Option>
    <Option>
      <FromValue>上席確認済み</FromValue>
      <ToValue>100000002</ToValue>
    </Option>
    <Option>
      <FromValue>１次検証済み</FromValue>
      <ToValue>100000002</ToValue>
    </Option>
    <Option>
      <FromValue>担当再確認</FromValue>
      <ToValue>100000000</ToValue>
    </Option>
    <Option>
      <FromValue>２次検証済み</FromValue>
      <ToValue>100000003</ToValue>
    </Option>
    <Option>
      <FromValue>記載中</FromValue>
      <ToValue>100000000</ToValue>
    </Option>
    <Option>
      <FromValue>承認依頼中</FromValue>
      <ToValue>100000001</ToValue>
    </Option>
    <Option>
      <FromValue>事後検証中</FromValue>
      <ToValue>100000002</ToValue>
    </Option>
    <Option>
      <FromValue>完了</FromValue>
      <ToValue>100000003</ToValue>
    </Option>
    <Option>
      <FromValue>破棄</FromValue>
      <ToValue>100000004</ToValue>
    </Option>
  </OptionMap>
  
  <!-- ===================== 回収パイプライン 103 ===================== -->
  <!-- 通貨区分 -->
  <OptionMap>
    <OptionName>tsb_ops_currency_recovery</OptionName>
    <Option>
      <FromValue>日本円</FromValue>
      <ToValue>100000000</ToValue>
    </Option>
    <Option>
      <FromValue>アメリカドル</FromValue>
      <ToValue>100000001</ToValue>
    </Option>
    <Option>
      <FromValue>ユーロ</FromValue>
      <ToValue>100000002</ToValue>
    </Option>
    <Option>
      <FromValue>オーストラリアドル</FromValue>
      <ToValue>100000003</ToValue>
    </Option>
    <Option>
      <FromValue>ニュージーランドドル</FromValue>
      <ToValue>100000004</ToValue>
    </Option>
    <Option>
      <FromValue>南アフリカランド</FromValue>
      <ToValue>100000005</ToValue>
    </Option>
    <Option>
      <FromValue>香港ドル</FromValue>
      <ToValue>100000006</ToValue>
    </Option>
    <Option>
      <FromValue>中国元</FromValue>
      <ToValue>100000007</ToValue>
    </Option>
    <Option>
      <FromValue>シンガポールドル</FromValue>
      <ToValue>100000008</ToValue>
    </Option>
    <Option>
      <FromValue>タイバーツ</FromValue>
      <ToValue>100000009</ToValue>
    </Option>
    <Option>
      <FromValue>日本円</FromValue>
      <ToValue>100000000</ToValue>
    </Option>
    <Option>
      <FromValue>米ドル</FromValue>
      <ToValue>100000001</ToValue>
    </Option>
    <Option>
      <FromValue>ユーロ</FromValue>
      <ToValue>100000002</ToValue>
    </Option>
    <Option>
      <FromValue>オーストラリアドル</FromValue>
      <ToValue>100000003</ToValue>
    </Option>
    <Option>
      <FromValue>ニュージーランドドル</FromValue>
      <ToValue>100000004</ToValue>
    </Option>
    <Option>
      <FromValue>南アフリカランド</FromValue>
      <ToValue>100000005</ToValue>
    </Option>
    <Option>
      <FromValue>香港ドル</FromValue>
      <ToValue>100000006</ToValue>
    </Option>
    <Option>
      <FromValue>中国元</FromValue>
      <ToValue>100000007</ToValue>
    </Option>
    <Option>
      <FromValue>シンガポールドル</FromValue>
      <ToValue>100000008</ToValue>
    </Option>
    <Option>
      <FromValue>タイバーツ</FromValue>
      <ToValue>100000009</ToValue>
    </Option>
    <Option>
      <FromValue>JPY</FromValue>
      <ToValue>100000000</ToValue>
    </Option>
    <Option>
      <FromValue>USD</FromValue>
      <ToValue>100000001</ToValue>
    </Option>
    <Option>
      <FromValue>EUR</FromValue>
      <ToValue>100000002</ToValue>
    </Option>
    <Option>
      <FromValue>AUD</FromValue>
      <ToValue>100000003</ToValue>
    </Option>
    <Option>
      <FromValue>NZD</FromValue>
      <ToValue>100000004</ToValue>
    </Option>
    <Option>
      <FromValue>ZAR</FromValue>
      <ToValue>100000005</ToValue>
    </Option>
    <Option>
      <FromValue>HKD</FromValue>
      <ToValue>100000006</ToValue>
    </Option>
    <Option>
      <FromValue>CNY</FromValue>
      <ToValue>100000007</ToValue>
    </Option>
    <Option>
      <FromValue>SGD</FromValue>
      <ToValue>100000008</ToValue>
    </Option>
    <Option>
      <FromValue>THB</FromValue>
      <ToValue>100000009</ToValue>
    </Option>
    <Option>
      <FromValue>GBP</FromValue>
      <ToValue>100000010</ToValue>
    </Option>
    <Option>
      <FromValue>PHP</FromValue>
      <ToValue>100000011</ToValue>
    </Option>
    <Option>
      <FromValue>IDR</FromValue>
      <ToValue>100000012</ToValue>
    </Option>
    <Option>
      <FromValue>INR</FromValue>
      <ToValue>100000013</ToValue>
    </Option>
  </OptionMap>
  <!-- 返済方法 -->
  <OptionMap>
    <OptionName>tsb_ops_method_repayment</OptionName>
    <Option>
      <FromValue>手元資金</FromValue>
      <ToValue>100000000</ToValue>
    </Option>
    <Option>
      <FromValue>物件処分・売却</FromValue>
      <ToValue>100000001</ToValue>
    </Option>
    <Option>
      <FromValue>他行借換</FromValue>
      <ToValue>100000002</ToValue>
    </Option>
    <Option>
      <FromValue>当行借換</FromValue>
      <ToValue>100000003</ToValue>
    </Option>
    <Option>
      <FromValue>その他</FromValue>
      <ToValue>100000004</ToValue>
    </Option>
  </OptionMap>
  <!-- 科目 -->
  <OptionMap>
    <OptionName>tsb_ops_sbj</OptionName>
    <Option>
      <FromValue>一般当貸</FromValue>
      <ToValue>100000000</ToValue>
    </Option>
    <Option>
      <FromValue>総合口座</FromValue>
      <ToValue>100000001</ToValue>
    </Option>
    <Option>
      <FromValue>カードローン</FromValue>
      <ToValue>100000002</ToValue>
    </Option>
    <Option>
      <FromValue>手貸</FromValue>
      <ToValue>100000003</ToValue>
    </Option>
    <Option>
      <FromValue>外貨手貸</FromValue>
      <ToValue>100000003</ToValue>
    </Option>
    <Option>
      <FromValue>証貸</FromValue>
      <ToValue>100000004</ToValue>
    </Option>
    <Option>
      <FromValue>外貨証貸</FromValue>
      <ToValue>100000004</ToValue>
    </Option>
    <Option>
      <FromValue>外貨融資</FromValue>
      <ToValue>100000004</ToValue>
    </Option>
    <Option>
      <FromValue>商手</FromValue>
      <ToValue>100000005</ToValue>
    </Option>
    <Option>
      <FromValue>当貸</FromValue>
      <ToValue>100000006</ToValue>
    </Option>
    <Option>
      <FromValue>支払承諾</FromValue>
      <ToValue>100000007</ToValue>
    </Option>
    <Option>
      <FromValue>外貨支承</FromValue>
      <ToValue>100000007</ToValue>
    </Option>
    <Option>
      <FromValue>代理貸</FromValue>
      <ToValue>100000008</ToValue>
    </Option>
    <Option>
      <FromValue>社債</FromValue>
      <ToValue>100000009</ToValue>
    </Option>
    <Option>
      <FromValue>外国証券</FromValue>
      <ToValue>100000010</ToValue>
    </Option>
    <Option>
      <FromValue>その他の証券</FromValue>
      <ToValue>100000011</ToValue>
    </Option>
    <Option>
      <FromValue>株式</FromValue>
      <ToValue>100000012</ToValue>
    </Option>
    <Option>
      <FromValue>買入金銭債権</FromValue>
      <ToValue>100000013</ToValue>
    </Option>
    <Option>
      <FromValue>金銭の信託</FromValue>
      <ToValue>100000014</ToValue>
    </Option>
    <Option>
      <FromValue>円建外国証券</FromValue>
      <ToValue>100000015</ToValue>
    </Option>
    <Option>
      <FromValue>外貨建外国証券</FromValue>
      <ToValue>100000016</ToValue>
    </Option>
    <Option>
      <FromValue>外貨建外国証券(受益証券)</FromValue>
      <ToValue>100000017</ToValue>
    </Option>
    <Option>
      <FromValue>有価証券その他</FromValue>
      <ToValue>100000018</ToValue>
    </Option>
    <Option>
      <FromValue>当座預金</FromValue>
      <ToValue>100000000</ToValue>
    </Option>
    <Option>
      <FromValue>普通預金</FromValue>
      <ToValue>100000001</ToValue>
    </Option>
    <Option>
      <FromValue>カードローン</FromValue>
      <ToValue>100000002</ToValue>
    </Option>
    <Option>
      <FromValue>手形貸付</FromValue>
      <ToValue>100000003</ToValue>
    </Option>
    <Option>
      <FromValue>証書貸付</FromValue>
      <ToValue>100000004</ToValue>
    </Option>
    <Option>
      <FromValue>割引手形</FromValue>
      <ToValue>100000005</ToValue>
    </Option>
    <Option>
      <FromValue>特定当貸</FromValue>
      <ToValue>100000006</ToValue>
    </Option>
    <Option>
      <FromValue>支払承諾</FromValue>
      <ToValue>100000007</ToValue>
    </Option>
    <Option>
      <FromValue>代理貸付</FromValue>
      <ToValue>100000008</ToValue>
    </Option>
    <Option>
      <FromValue>社債</FromValue>
      <ToValue>100000009</ToValue>
    </Option>
    <Option>
      <FromValue>外国証券</FromValue>
      <ToValue>100000010</ToValue>
    </Option>
    <Option>
      <FromValue>その他の証券</FromValue>
      <ToValue>100000011</ToValue>
    </Option>
    <Option>
      <FromValue>株式</FromValue>
      <ToValue>100000012</ToValue>
    </Option>
    <Option>
      <FromValue>買入金銭債権</FromValue>
      <ToValue>100000013</ToValue>
    </Option>
    <Option>
      <FromValue>金銭の信託</FromValue>
      <ToValue>100000014</ToValue>
    </Option>
    <Option>
      <FromValue>円建外国証券</FromValue>
      <ToValue>100000015</ToValue>
    </Option>
    <Option>
      <FromValue>外貨建外国証券</FromValue>
      <ToValue>100000016</ToValue>
    </Option>
    <Option>
      <FromValue>外貨建外国証券(受益証券)</FromValue>
      <ToValue>100000017</ToValue>
    </Option>
    <Option>
      <FromValue>有価証券その他</FromValue>
      <ToValue>100000018</ToValue>
    </Option>
  </OptionMap>
  <!-- 種別(回収) -->
  <OptionMap>
    <OptionName>tsb_ops_type_recovery</OptionName>
    <Option>
      <FromValue>約定外回収【期限前（一部）】</FromValue>
      <ToValue>100000001</ToValue>
    </Option>
    <Option>
      <FromValue>約定外回収【期限前（全部）】</FromValue>
      <ToValue>100000000</ToValue>
    </Option>
    <Option>
      <FromValue>約定回収</FromValue>
      <ToValue>100000002</ToValue>
    </Option>
    <Option>
      <FromValue>約定外回収(一部)</FromValue>
      <ToValue>100000001</ToValue>
    </Option>
    <Option>
      <FromValue>約定外回収(全部)</FromValue>
      <ToValue>100000000</ToValue>
    </Option>
  </OptionMap>
  <!-- 手数料種別(回収) -->
  <OptionMap>
    <OptionName>tsb_content</OptionName>
    <Option>
      <FromValue>変更手数料</FromValue>
      <ToValue>100000000</ToValue>
    </Option>
    <Option>
      <FromValue>ブレーくファンディングコスト</FromValue>
      <ToValue>100000001</ToValue>
    </Option>
    <Option>
      <FromValue>ブレークファンディングコスト</FromValue>
      <ToValue>100000001</ToValue>
    </Option>
    <Option>
      <FromValue>ブレイクファンディングコスト</FromValue>
      <ToValue>100000001</ToValue>
    </Option>
    <Option>
      <FromValue>BFC</FromValue>
      <ToValue>100000001</ToValue>
    </Option>
    <Option>
      <FromValue>期限前返済手数料</FromValue>
      <ToValue>100000001</ToValue>
    </Option>
    <Option>
      <FromValue>期日前返済手数料</FromValue>
      <ToValue>100000001</ToValue>
    </Option>
    <Option>
      <FromValue>期限前弁済手数料</FromValue>
      <ToValue>100000001</ToValue>
    </Option>
    <Option>
      <FromValue>金利スワップ解約手数料</FromValue>
      <ToValue>100000002</ToValue>
    </Option>
    <Option>
      <FromValue>金利スワップ解約収益</FromValue>
      <ToValue>100000003</ToValue>
    </Option>
    <Option>
      <FromValue>通貨オプション解約手数料</FromValue>
      <ToValue>100000004</ToValue>
    </Option>
    <Option>
      <FromValue>通貨オプション解約収益</FromValue>
      <ToValue>100000005</ToValue>
    </Option>
    <Option>
      <FromValue>経過利息</FromValue>
      <ToValue>100000006</ToValue>
    </Option>
    <Option>
      <FromValue>債権譲渡益</FromValue>
      <ToValue>100000007</ToValue>
    </Option>
    <Option>
      <FromValue>譲渡コスト戻入</FromValue>
      <ToValue>100000008</ToValue>
    </Option>
    <Option>
      <FromValue>清算金</FromValue>
      <ToValue>100000009</ToValue>
    </Option>
    <Option>
      <FromValue>精算金</FromValue>
      <ToValue>100000009</ToValue>
    </Option>
    <Option>
      <FromValue>事務手数料</FromValue>
      <ToValue>100000010</ToValue>
    </Option>
    <Option>
      <FromValue>アメンドフィー</FromValue>
      <ToValue>100000010</ToValue>
    </Option>
    <Option>
      <FromValue>ストラクチャー変更承諾にかかる内入れ</FromValue>
      <ToValue>100000010</ToValue>
    </Option>
    <Option>
      <FromValue>変更手数料</FromValue>
      <ToValue>100000000</ToValue>
    </Option>
    <Option>
      <FromValue>期限前返済手数料</FromValue>
      <ToValue>100000001</ToValue>
    </Option>
    <Option>
      <FromValue>金利スワップ解約手数料</FromValue>
      <ToValue>100000002</ToValue>
    </Option>
    <Option>
      <FromValue>金利スワップ解約収益</FromValue>
      <ToValue>100000003</ToValue>
    </Option>
    <Option>
      <FromValue>通貨オプション解約手数料</FromValue>
      <ToValue>100000004</ToValue>
    </Option>
    <Option>
      <FromValue>通貨オプション解約収益</FromValue>
      <ToValue>100000005</ToValue>
    </Option>
    <Option>
      <FromValue>経過利息</FromValue>
      <ToValue>100000006</ToValue>
    </Option>
    <Option>
      <FromValue>債権譲渡益</FromValue>
      <ToValue>100000007</ToValue>
    </Option>
    <Option>
      <FromValue>譲渡コスト戻入</FromValue>
      <ToValue>100000008</ToValue>
    </Option>
    <Option>
      <FromValue>清算金</FromValue>
      <ToValue>100000009</ToValue>
    </Option>
    <Option>
      <FromValue>その他</FromValue>
      <ToValue>100000010</ToValue>
    </Option>
  </OptionMap>
  <!-- 補正フラグ -->
  <OptionMap>
    <OptionName>tsb_top_flg_manual_correction</OptionName>
    <Option>
      <FromValue>約定回収修正あり</FromValue>
      <ToValue>1</ToValue>
    </Option>
    <Option>
      <FromValue>約定回収修正なし</FromValue>
      <ToValue>0</ToValue>
    </Option>
  </OptionMap>
  <!-- 回収発生/変更理由 -->
  <OptionMap>
    <OptionName>tsb_ops_contractrecovery_change_reason</OptionName>
    <Option>
      <FromValue>0</FromValue>
      <ToValue>100000000</ToValue>
    </Option>
    <Option>
      <FromValue>1</FromValue>
      <ToValue>100000001</ToValue>
    </Option>
    <Option>
      <FromValue>2</FromValue>
      <ToValue>100000002</ToValue>
    </Option>
    <Option>
      <FromValue>3</FromValue>
      <ToValue>100000003</ToValue>
    </Option>
    <Option>
      <FromValue>期流れ</FromValue>
      <ToValue>100000000</ToValue>
    </Option>
    <Option>
      <FromValue>延滞</FromValue>
      <ToValue>100000001</ToValue>
    </Option>
    <Option>
      <FromValue>約定外回収発生</FromValue>
      <ToValue>100000002</ToValue>
    </Option>
    <Option>
      <FromValue>その他</FromValue>
      <ToValue>100000003</ToValue>
    </Option>
  </OptionMap>
  
  <!-- ===================== 実行パイプライン 104 ===================== -->
  <!-- ドロップ理由 -->
  <OptionMap>
    <OptionName>tsb_ops_drop_reason</OptionName>
    <Option>
      <FromValue>取下げ（回答期限切れ）</FromValue>
      <ToValue>100000002</ToValue>
    </Option>
    <Option>
      <FromValue>取下げ（条件不合意）</FromValue>
      <ToValue>100000004</ToValue>
    </Option>
    <Option>
      <FromValue>取下げ（競合敗退）</FromValue>
      <ToValue>100000006</ToValue>
    </Option>
    <Option>
      <FromValue>取下げ（借入ニーズ消滅）</FromValue>
      <ToValue>100000007</ToValue>
    </Option>
    <Option>
      <FromValue>謝絶（業況不振）</FromValue>
      <ToValue>100000010</ToValue>
    </Option>
    <Option>
      <FromValue>謝絶（事業性リスク）</FromValue>
      <ToValue>100000010</ToValue>
    </Option>
    <Option>
      <FromValue>謝絶（与信判断不能）</FromValue>
      <ToValue>100000010</ToValue>
    </Option>
    <Option>
      <FromValue>謝絶（ネガティブ情報）</FromValue>
      <ToValue>100000010</ToValue>
    </Option>
    <Option>
      <FromValue>謝絶（その他）</FromValue>
      <ToValue>100000010</ToValue>
    </Option>
    <Option>
      <FromValue>取下げ（資料提出拒否）</FromValue>
      <ToValue>100000005</ToValue>
    </Option>
    <Option>
      <FromValue>取下げ（その他）</FromValue>
      <ToValue>100000005</ToValue>
    </Option>
    <Option>
      <FromValue>条件劣後(取下げ)</FromValue>
      <ToValue>100000000</ToValue>
    </Option>
    <Option>
      <FromValue>入札敗退(取下げ)</FromValue>
      <ToValue>100000001</ToValue>
    </Option>
    <Option>
      <FromValue>期限切れ(取下げ)</FromValue>
      <ToValue>100000002</ToValue>
    </Option>
    <Option>
      <FromValue>評価不合意(取下げ)</FromValue>
      <ToValue>100000003</ToValue>
    </Option>
    <Option>
      <FromValue>条件不合意(取下げ)</FromValue>
      <ToValue>100000004</ToValue>
    </Option>
    <Option>
      <FromValue>案件事由(取下げ)</FromValue>
      <ToValue>100000005</ToValue>
    </Option>
    <Option>
      <FromValue>競合敗退(取下げ)</FromValue>
      <ToValue>100000006</ToValue>
    </Option>
    <Option>
      <FromValue>資金ニーズ無(取下げ)</FromValue>
      <ToValue>100000007</ToValue>
    </Option>
    <Option>
      <FromValue>業況不芳(取下げ)</FromValue>
      <ToValue>100000008</ToValue>
    </Option>
    <Option>
      <FromValue>期限切れ(謝絶)</FromValue>
      <ToValue>100000009</ToValue>
    </Option>
    <Option>
      <FromValue>案件事由(謝絶)</FromValue>
      <ToValue>100000010</ToValue>
    </Option>
  </OptionMap>
  <!-- 資金使途 -->
  <OptionMap>
    <OptionName>tsb_ops_fund_use1</OptionName>
    <Option>
      <FromValue>運転資金</FromValue>
      <ToValue>100000000</ToValue>
    </Option>
    <Option>
      <FromValue>設備投資</FromValue>
      <ToValue>100000003</ToValue>
    </Option>
    <Option>
      <FromValue>不動産購入</FromValue>
      <ToValue>100000004</ToValue>
    </Option>
    <Option>
      <FromValue>その他</FromValue>
      <ToValue>100000005</ToValue>
    </Option>
    <Option>
      <FromValue>運転資金</FromValue>
      <ToValue>100000000</ToValue>
    </Option>
    <Option>
      <FromValue>ボーナス資金</FromValue>
      <ToValue>100000001</ToValue>
    </Option>
    <Option>
      <FromValue>決算資金</FromValue>
      <ToValue>100000002</ToValue>
    </Option>
    <Option>
      <FromValue>設備資金</FromValue>
      <ToValue>100000003</ToValue>
    </Option>
    <Option>
      <FromValue>転貸資金</FromValue>
      <ToValue>100000004</ToValue>
    </Option>
    <Option>
      <FromValue>その他</FromValue>
      <ToValue>100000005</ToValue>
    </Option>
  </OptionMap>
  <!-- 主幹行/参加行 -->
  <OptionMap>
    <OptionName>tsb_ops_leadclerk_joinclerk</OptionName>
    <Option>
      <FromValue>アレンジャー</FromValue>
      <ToValue>100000000</ToValue>
    </Option>
    <Option>
      <FromValue>アレンジャー・レンダー</FromValue>
      <ToValue>100000001</ToValue>
    </Option>
    <Option>
      <FromValue>レンダー</FromValue>
      <ToValue>100000002</ToValue>
    </Option>
  </OptionMap>
  <!-- 担保保証 -->
  <OptionMap>
    <OptionName>tsb_ops_mortgage_guarantee</OptionName>
    <Option>
      <FromValue>不動産（開発）</FromValue>
      <ToValue>100000000</ToValue>
    </Option>
    <Option>
      <FromValue>不動産（収益）</FromValue>
      <ToValue>100000000</ToValue>
    </Option>
    <Option>
      <FromValue>その他不動産</FromValue>
      <ToValue>100000000</ToValue>
    </Option>
    <Option>
      <FromValue>預金</FromValue>
      <ToValue>100000001</ToValue>
    </Option>
    <Option>
      <FromValue>有価証券</FromValue>
      <ToValue>100000002</ToValue>
    </Option>
    <Option>
      <FromValue>貸付金銭債権</FromValue>
      <ToValue>100000003</ToValue>
    </Option>
    <Option>
      <FromValue>売掛金銭債権</FromValue>
      <ToValue>100000003</ToValue>
    </Option>
    <Option>
      <FromValue>商業手形債権</FromValue>
      <ToValue>100000003</ToValue>
    </Option>
    <Option>
      <FromValue>その他</FromValue>
      <ToValue>100000007</ToValue>
    </Option>
    <Option>
      <FromValue>信用</FromValue>
      <ToValue>100000007</ToValue>
    </Option>
    <Option>
      <FromValue>保証</FromValue>
      <ToValue>100000007</ToValue>
    </Option>
    <Option>
      <FromValue>CMS（担保管理システム）</FromValue>
      <ToValue>100000007</ToValue>
    </Option>
    <Option>
      <FromValue>不動産</FromValue>
      <ToValue>100000000</ToValue>
    </Option>
    <Option>
      <FromValue>預金</FromValue>
      <ToValue>100000001</ToValue>
    </Option>
    <Option>
      <FromValue>有価証券</FromValue>
      <ToValue>100000002</ToValue>
    </Option>
    <Option>
      <FromValue>債権</FromValue>
      <ToValue>100000003</ToValue>
    </Option>
    <Option>
      <FromValue>信託受益権</FromValue>
      <ToValue>100000004</ToValue>
    </Option>
    <Option>
      <FromValue>航空機</FromValue>
      <ToValue>100000005</ToValue>
    </Option>
    <Option>
      <FromValue>船舶</FromValue>
      <ToValue>100000006</ToValue>
    </Option>
    <Option>
      <FromValue>その他</FromValue>
      <ToValue>100000007</ToValue>
    </Option>
    <Option>
      <FromValue>無担保</FromValue>
      <ToValue>100000008</ToValue>
    </Option>
  </OptionMap>
  <!-- コベナンツ有無 -->
  <OptionMap>
    <OptionName>tsb_ops_na_covenants</OptionName>
    <Option>
      <FromValue>有</FromValue>
      <ToValue>100000001</ToValue>
    </Option>
    <Option>
      <FromValue>無</FromValue>
      <ToValue>100000000</ToValue>
    </Option>
    <Option>
      <FromValue>いいえ</FromValue>
      <ToValue>100000000</ToValue>
    </Option>
    <Option>
      <FromValue>はい</FromValue>
      <ToValue>100000001</ToValue>
    </Option>
  </OptionMap>
  <!-- 手数料あり/なし -->
  <OptionMap>
    <OptionName>tsb_ops_na_fee</OptionName>
    <Option>
      <FromValue>あり</FromValue>
      <ToValue>100000000</ToValue>
    </Option>
    <Option>
      <FromValue>なし</FromValue>
      <ToValue>100000001</ToValue>
    </Option>
  </OptionMap>
  <OptionMap>
    <!-- 返済ピッチ -->
    <OptionName>tsb_ops_repayment_pitch</OptionName>
    <Option>
      <FromValue>1ヶ月</FromValue>
      <ToValue>100000000</ToValue>
    </Option>
    <Option>
      <FromValue>2ヶ月</FromValue>
      <ToValue>100000004</ToValue>
    </Option>
    <Option>
      <FromValue>3ヶ月</FromValue>
      <ToValue>100000001</ToValue>
    </Option>
    <Option>
      <FromValue>4ヶ月</FromValue>
      <ToValue>100000005</ToValue>
    </Option>
    <Option>
      <FromValue>6ヶ月</FromValue>
      <ToValue>100000002</ToValue>
    </Option>
    <Option>
      <FromValue>12ヶ月</FromValue>
      <ToValue>100000003</ToValue>
    </Option>
    <Option>
      <FromValue>不均等</FromValue>
      <ToValue>100000006</ToValue>
    </Option>
    <Option>
      <FromValue>期日一括</FromValue>
      <ToValue>100000007</ToValue>
    </Option>
    <Option>
      <FromValue>その他</FromValue>
      <ToValue>100000008</ToValue>
    </Option>
  </OptionMap>
  <!-- ステータス -->
  <OptionMap>
    <OptionName>tsb_ops_status_execution</OptionName>
    <Option>
      <FromValue>【実行済】</FromValue>
      <ToValue>100000000</ToValue>
    </Option>
    <Option>
      <FromValue>A</FromValue>
      <ToValue>100000001</ToValue>
    </Option>
    <Option>
      <FromValue>B</FromValue>
      <ToValue>100000002</ToValue>
    </Option>
    <Option>
      <FromValue>C</FromValue>
      <ToValue>100000003</ToValue>
    </Option>
    <Option>
      <FromValue>Z</FromValue>
      <ToValue>100000004</ToValue>
    </Option>
    <Option>
      <FromValue>R</FromValue>
      <ToValue>100000005</ToValue>
    </Option>
  </OptionMap>
  <!-- 実行種別 -->
  <OptionMap>
    <OptionName>tsb_ops_type_execution</OptionName>
    <Option>
      <FromValue>新規融資</FromValue>
      <ToValue>100000000</ToValue>
    </Option>
    <Option>
      <FromValue>更改（枠設定）</FromValue>
      <ToValue>100000006</ToValue>
    </Option>
    <Option>
      <FromValue>更改（同額）</FromValue>
      <ToValue>100000001</ToValue>
    </Option>
    <Option>
      <FromValue>更改（減額）</FromValue>
      <ToValue>100000001</ToValue>
    </Option>
    <Option>
      <FromValue>更改（増額）</FromValue>
      <ToValue>100000001</ToValue>
    </Option>
    <Option>
      <FromValue>【廃】更改</FromValue>
      <ToValue>100000001</ToValue>
    </Option>
    <Option>
      <FromValue>枠内実行（枠設定）</FromValue>
      <ToValue>100000004</ToValue>
    </Option>
    <Option>
      <FromValue>枠内実行（初回）</FromValue>
      <ToValue>100000005</ToValue>
    </Option>
    <Option>
      <FromValue>枠内実行（2回目以降）</FromValue>
      <ToValue>100000005</ToValue>
    </Option>
    <Option>
      <FromValue>【廃】枠内実行</FromValue>
      <ToValue>100000005</ToValue>
    </Option>
    <Option>
      <FromValue>フィーのみ</FromValue>
      <ToValue>null</ToValue>
    </Option>
    <Option>
      <FromValue>新規融資</FromValue>
      <ToValue>100000000</ToValue>
    </Option>
    <Option>
      <FromValue>枠更改</FromValue>
      <ToValue>100000006</ToValue>
    </Option>
    <Option>
      <FromValue>更改</FromValue>
      <ToValue>100000001</ToValue>
    </Option>
    <Option>
      <FromValue>新規融資(枠設定)</FromValue>
      <ToValue>100000004</ToValue>
    </Option>
    <Option>
      <FromValue>新規融資（枠設定）</FromValue>
      <ToValue>100000004</ToValue>
    </Option>
    <Option>
      <FromValue>枠内実行</FromValue>
      <ToValue>100000005</ToValue>
    </Option>
  </OptionMap>
  <!-- 手数料種別 -->
  <OptionMap>
    <OptionName>tsb_ops_type_fee</OptionName>
    <Option>
      <FromValue>アップフロントフィー</FromValue>
      <ToValue>100000000</ToValue>
    </Option>
    <Option>
      <FromValue>アップフロントフィー（仮受）</FromValue>
      <ToValue>100000001</ToValue>
    </Option>
    <Option>
      <FromValue>アレンジメントフィー</FromValue>
      <ToValue>100000003</ToValue>
    </Option>
    <Option>
      <FromValue>アレンジメントフィー（仮受）</FromValue>
      <ToValue>100000004</ToValue>
    </Option>
    <Option>
      <FromValue>コミットメントフィー</FromValue>
      <ToValue>100000005</ToValue>
    </Option>
    <Option>
      <FromValue>エージェントフィー</FromValue>
      <ToValue>100000006</ToValue>
    </Option>
    <Option>
      <FromValue>パーティシペーションフィー</FromValue>
      <ToValue>100000007</ToValue>
    </Option>
    <Option>
      <FromValue>受取保証料</FromValue>
      <ToValue>100000008</ToValue>
    </Option>
    <Option>
      <FromValue>支払保証料</FromValue>
      <ToValue>100000009</ToValue>
    </Option>
    <Option>
      <FromValue>その他</FromValue>
      <ToValue>100000010</ToValue>
    </Option>
    <Option>
      <FromValue>【廃】解約手数料</FromValue>
      <ToValue>100000010</ToValue>
    </Option>
    <Option>
      <FromValue>ファシリティーフィー</FromValue>
      <ToValue>100000010</ToValue>
    </Option>
    <Option>
      <FromValue>繰延アップフロントフィー</FromValue>
      <ToValue>100000000</ToValue>
    </Option>
    <Option>
      <FromValue>アップフロントフィー</FromValue>
      <ToValue>100000000</ToValue>
    </Option>
    <Option>
      <FromValue>アップフロントフィー(仮受)</FromValue>
      <ToValue>100000001</ToValue>
    </Option>
    <Option>
      <FromValue>アップフロントフィー（仮受）</FromValue>
      <ToValue>100000001</ToValue>
    </Option>
    <Option>
      <FromValue>アレンジメントフィー</FromValue>
      <ToValue>100000003</ToValue>
    </Option>
    <Option>
      <FromValue>アレンジメントフィー(仮受)</FromValue>
      <ToValue>100000004</ToValue>
    </Option>
    <Option>
      <FromValue>コミットメントフィー</FromValue>
      <ToValue>100000005</ToValue>
    </Option>
    <Option>
      <FromValue>エージェントフィー</FromValue>
      <ToValue>100000006</ToValue>
    </Option>
    <Option>
      <FromValue>パーティシペーションフィー</FromValue>
      <ToValue>100000007</ToValue>
    </Option>
    <Option>
      <FromValue>受領保証料</FromValue>
      <ToValue>100000008</ToValue>
    </Option>
    <Option>
      <FromValue>支払保証料</FromValue>
      <ToValue>100000009</ToValue>
    </Option>
    <Option>
      <FromValue>その他</FromValue>
      <ToValue>100000010</ToValue>
    </Option>
  </OptionMap>
  <!-- パイプライン科目 -->
  <OptionMap>
    <OptionName>tsb_ops_loan_securities</OptionName>
    <Option>
      <FromValue>証貸</FromValue>
      <ToValue>100000000</ToValue>
    </Option>
    <Option>
      <FromValue>当貸</FromValue>
      <ToValue>100000001</ToValue>
    </Option>
    <Option>
      <FromValue>手貸</FromValue>
      <ToValue>100000002</ToValue>
    </Option>
    <Option>
      <FromValue>割手</FromValue>
      <ToValue>100000003</ToValue>
    </Option>
    <Option>
      <FromValue>コミットメントライン</FromValue>
      <ToValue>100000004</ToValue>
    </Option>
    <Option>
      <FromValue>シンジケート型コミットメントローン</FromValue>
      <ToValue>100000004</ToValue>
    </Option>
    <Option>
      <FromValue>シンジケートローン</FromValue>
      <ToValue>100000005</ToValue>
    </Option>
    <Option>
      <FromValue>シンジケート・ローン</FromValue>
      <ToValue>100000005</ToValue>
    </Option>
    <Option>
      <FromValue>ノンリコースローン</FromValue>
      <ToValue>100000006</ToValue>
    </Option>
    <Option>
      <FromValue>トレードファイナンス</FromValue>
      <ToValue>100000007</ToValue>
    </Option>
    <Option>
      <FromValue>社債</FromValue>
      <ToValue>100000008</ToValue>
    </Option>
    <Option>
      <FromValue>株式</FromValue>
      <ToValue>100000008</ToValue>
    </Option>
    <Option>
      <FromValue>その他の証券</FromValue>
      <ToValue>100000008</ToValue>
    </Option>
    <Option>
      <FromValue>支払承諾</FromValue>
      <ToValue>100000009</ToValue>
    </Option>
    <Option>
      <FromValue>デリバティブ</FromValue>
      <ToValue>100000011</ToValue>
    </Option>
    <Option>
      <FromValue>デリバティブ（仕組みローン）</FromValue>
      <ToValue>100000011</ToValue>
    </Option>
    <Option>
      <FromValue>融資なし</FromValue>
      <ToValue>100000011</ToValue>
    </Option>
    <Option>
      <FromValue>証貸</FromValue>
      <ToValue>100000000</ToValue>
    </Option>
    <Option>
      <FromValue>当貸</FromValue>
      <ToValue>100000001</ToValue>
    </Option>
    <Option>
      <FromValue>手貸</FromValue>
      <ToValue>100000002</ToValue>
    </Option>
    <Option>
      <FromValue>割手</FromValue>
      <ToValue>100000003</ToValue>
    </Option>
    <Option>
      <FromValue>コミットメントライン</FromValue>
      <ToValue>100000004</ToValue>
    </Option>
    <Option>
      <FromValue>シンジケートローン</FromValue>
      <ToValue>100000005</ToValue>
    </Option>
    <Option>
      <FromValue>ノンリコースローン</FromValue>
      <ToValue>100000006</ToValue>
    </Option>
    <Option>
      <FromValue>トレードファイナンス</FromValue>
      <ToValue>100000007</ToValue>
    </Option>
    <Option>
      <FromValue>有価証券</FromValue>
      <ToValue>100000008</ToValue>
    </Option>
    <Option>
      <FromValue>支払承諾</FromValue>
      <ToValue>100000009</ToValue>
    </Option>
    <Option>
      <FromValue>その他</FromValue>
      <ToValue>100000010</ToValue>
    </Option>
    <Option>
      <FromValue>フィーのみ</FromValue>
      <ToValue>100000011</ToValue>
    </Option>
    <Option>
      <FromValue>預金</FromValue>
      <ToValue>100000012</ToValue>
    </Option>
  </OptionMap>
  <!-- 案件区分 -->
  <OptionMap>
    <OptionName>tsb_ops_type_project</OptionName>
    <Option>
      <FromValue>証貸</FromValue>
      <ToValue>100000000</ToValue>
    </Option>
    <Option>
      <FromValue>当貸</FromValue>
      <ToValue>100000000</ToValue>
    </Option>
    <Option>
      <FromValue>手貸</FromValue>
      <ToValue>100000000</ToValue>
    </Option>
    <Option>
      <FromValue>割手</FromValue>
      <ToValue>100000000</ToValue>
    </Option>
    <Option>
      <FromValue>コミットメントライン</FromValue>
      <ToValue>100000000</ToValue>
    </Option>
    <Option>
      <FromValue>シンジケート型コミットメントローン</FromValue>
      <ToValue>100000000</ToValue>
    </Option>
    <Option>
      <FromValue>シンジケートローン</FromValue>
      <ToValue>100000000</ToValue>
    </Option>
    <Option>
      <FromValue>ノンリコースローン</FromValue>
      <ToValue>100000000</ToValue>
    </Option>
    <Option>
      <FromValue>トレードファイナンス</FromValue>
      <ToValue>100000000</ToValue>
    </Option>
    <Option>
      <FromValue>社債</FromValue>
      <ToValue>100000000</ToValue>
    </Option>
    <Option>
      <FromValue>株式</FromValue>
      <ToValue>100000000</ToValue>
    </Option>
    <Option>
      <FromValue>その他の証券</FromValue>
      <ToValue>100000000</ToValue>
    </Option>
    <Option>
      <FromValue>支払承諾</FromValue>
      <ToValue>100000000</ToValue>
    </Option>
    <Option>
      <FromValue>デリバティブ</FromValue>
      <ToValue>100000001</ToValue>
    </Option>
    <Option>
      <FromValue>デリバティブ（仕組みローン）</FromValue>
      <ToValue>100000001</ToValue>
    </Option>
    <Option>
      <FromValue>融資なし</FromValue>
      <ToValue>100000001</ToValue>
    </Option>
    <Option>
      <FromValue>買入金銭債権</FromValue>
      <ToValue>100000003</ToValue>
    </Option>
    <Option>
      <FromValue>金銭の信託</FromValue>
      <ToValue>100000003</ToValue>
    </Option>
    <Option>
      <FromValue>一般融資</FromValue>
      <ToValue>100000000</ToValue>
    </Option>
    <Option>
      <FromValue>フィーのみ</FromValue>
      <ToValue>100000001</ToValue>
    </Option>
    <Option>
      <FromValue>預金</FromValue>
      <ToValue>100000002</ToValue>
    </Option>
    <Option>
      <FromValue>その他</FromValue>
      <ToValue>100000003</ToValue>
    </Option>
  </OptionMap>
  
  <!-- ===================== コベナンツ条件 106 ===================== -->
  <!-- 属性 -->
  <OptionMap>
    <OptionName>tsb_ops_attribute_covenants</OptionName>
    <Option>
      <FromValue>コベナンツ　・・財務</FromValue>
      <ToValue>100000000</ToValue>
    </Option>
    <Option>
      <FromValue>コベナンツ　・・レポート送付</FromValue>
      <ToValue>100000001</ToValue>
    </Option>
    <Option>
      <FromValue>コベナンツ　・・ネガティブコベナンツ</FromValue>
      <ToValue>100000002</ToValue>
    </Option>
    <Option>
      <FromValue>コベナンツ　・・その他</FromValue>
      <ToValue>100000003</ToValue>
    </Option>
    <Option>
      <FromValue>コベナンツ ・・財務</FromValue>
      <ToValue>100000000</ToValue>
    </Option>
    <Option>
      <FromValue>コベナンツ ・・レポート送付</FromValue>
      <ToValue>100000001</ToValue>
    </Option>
    <Option>
      <FromValue>コベナンツ ・・ネガティブコベナンツ</FromValue>
      <ToValue>100000002</ToValue>
    </Option>
    <Option>
      <FromValue>コベナンツ ・・その他</FromValue>
      <ToValue>100000003</ToValue>
    </Option>
    <Option>
      <FromValue>財務</FromValue>
      <ToValue>100000000</ToValue>
    </Option>
    <Option>
      <FromValue>レポート送付</FromValue>
      <ToValue>100000001</ToValue>
    </Option>
    <Option>
      <FromValue>ネガティブコベナンツ</FromValue>
      <ToValue>100000002</ToValue>
    </Option>
    <Option>
      <FromValue>その他</FromValue>
      <ToValue>100000003</ToValue>
    </Option>
  </OptionMap>
  <!-- 属性情報 -->
  <OptionMap>
    <OptionName>tsb_ops_info_attribute</OptionName>
    <Option>
      <FromValue>月次営業報告書</FromValue>
      <ToValue>100000000</ToValue>
    </Option>
    <Option>
      <FromValue>財務諸表</FromValue>
      <ToValue>100000001</ToValue>
    </Option>
    <Option>
      <FromValue>事業計画書</FromValue>
      <ToValue>100000002</ToValue>
    </Option>
    <Option>
      <FromValue>税務申告書</FromValue>
      <ToValue>100000003</ToValue>
    </Option>
    <Option>
      <FromValue>信託決算書</FromValue>
      <ToValue>100000004</ToValue>
    </Option>
    <Option>
      <FromValue>ファンディングリクエスト</FromValue>
      <ToValue>100000005</ToValue>
    </Option>
    <Option>
      <FromValue>四半期報告書</FromValue>
      <ToValue>100000006</ToValue>
    </Option>
    <Option>
      <FromValue>損害保険更新</FromValue>
      <ToValue>100000007</ToValue>
    </Option>
    <Option>
      <FromValue>計算日</FromValue>
      <ToValue>100000008</ToValue>
    </Option>
    <Option>
      <FromValue>予定返済期日</FromValue>
      <ToValue>100000009</ToValue>
    </Option>
    <Option>
      <FromValue>その他</FromValue>
      <ToValue>100000010</ToValue>
    </Option>
    <Option>
      <FromValue>月次営業報告書</FromValue>
      <ToValue>100000000</ToValue>
    </Option>
    <Option>
      <FromValue>財務諸表</FromValue>
      <ToValue>100000001</ToValue>
    </Option>
    <Option>
      <FromValue>事業企画書</FromValue>
      <ToValue>100000002</ToValue>
    </Option>
    <Option>
      <FromValue>税務申告書</FromValue>
      <ToValue>100000003</ToValue>
    </Option>
    <Option>
      <FromValue>信託決算書</FromValue>
      <ToValue>100000004</ToValue>
    </Option>
    <Option>
      <FromValue>ファインディングリクエスト</FromValue>
      <ToValue>100000005</ToValue>
    </Option>
    <Option>
      <FromValue>四半期報告書</FromValue>
      <ToValue>100000006</ToValue>
    </Option>
    <Option>
      <FromValue>損害保険更新</FromValue>
      <ToValue>100000007</ToValue>
    </Option>
    <Option>
      <FromValue>計算日</FromValue>
      <ToValue>100000008</ToValue>
    </Option>
    <Option>
      <FromValue>予定返済期日</FromValue>
      <ToValue>100000009</ToValue>
    </Option>
    <Option>
      <FromValue>その他</FromValue>
      <ToValue>100000010</ToValue>
    </Option>
  </OptionMap>
  <!-- 日付区分 -->
  <OptionMap>
    <OptionName>tsb_ops_type_date</OptionName>
    <Option>
      <FromValue>日</FromValue>
      <ToValue>100000000</ToValue>
    </Option>
    <Option>
      <FromValue>営業日</FromValue>
      <ToValue>100000001</ToValue>
    </Option>
    <Option>
      <FromValue>月末</FromValue>
      <ToValue>100000002</ToValue>
    </Option>
    <Option>
      <FromValue>基準日＋指定営業日</FromValue>
      <ToValue>100000003</ToValue>
    </Option>
    <Option>
      <FromValue>第〇月曜日</FromValue>
      <ToValue>100000004</ToValue>
    </Option>
    <Option>
      <FromValue>第〇火曜日</FromValue>
      <ToValue>100000005</ToValue>
    </Option>
    <Option>
      <FromValue>第〇水曜日</FromValue>
      <ToValue>100000006</ToValue>
    </Option>
    <Option>
      <FromValue>第〇木曜日</FromValue>
      <ToValue>100000007</ToValue>
    </Option>
    <Option>
      <FromValue>第〇金曜日</FromValue>
      <ToValue>100000008</ToValue>
    </Option>
  </OptionMap>
  <!-- 休日区分 -->
  <OptionMap>
    <OptionName>tsb_ops_type_holiday</OptionName>
    <Option>
      <FromValue>前営業日</FromValue>
      <ToValue>100000000</ToValue>
    </Option>
    <Option>
      <FromValue>翌営業日</FromValue>
      <ToValue>100000002</ToValue>
    </Option>
    <Option>
      <FromValue>翌営業日(月超え時前営業日)</FromValue>
      <ToValue>100000003</ToValue>
    </Option>
    <Option>
      <FromValue>前営業日</FromValue>
      <ToValue>100000000</ToValue>
    </Option>
    <Option>
      <FromValue>前営業日（月超え時翌営業日）</FromValue>
      <ToValue>100000001</ToValue>
    </Option>
    <Option>
      <FromValue>前営業日（月越え時翌営業日）</FromValue>
      <ToValue>100000001</ToValue>
    </Option>
    <Option>
      <FromValue>翌営業日</FromValue>
      <ToValue>100000002</ToValue>
    </Option>
    <Option>
      <FromValue>翌営業日（月超え時前営業日）</FromValue>
      <ToValue>100000003</ToValue>
    </Option>
    <Option>
      <FromValue>翌営業日（月越え時前営業日）</FromValue>
      <ToValue>100000003</ToValue>
    </Option>
  </OptionMap>
  <!-- 期日種別 -->
  <OptionMap>
    <OptionName>tsb_ops_type_period</OptionName>
    <Option>
      <FromValue>サイクル</FromValue>
      <ToValue>100000000</ToValue>
    </Option>
    <Option>
      <FromValue>指定日</FromValue>
      <ToValue>100000001</ToValue>
    </Option>
  </OptionMap>
  <!-- ステータス -->
  <OptionMap>
    <OptionName>tsb_ops_status_covenants</OptionName>
    <Option>
      <FromValue>承認依頼（フロント）</FromValue>
      <ToValue>100000001</ToValue>
    </Option>
    <Option>
      <FromValue>承認依頼（A&amp;MO 1次承認）</FromValue>
      <ToValue>100000002</ToValue>
    </Option>
    <Option>
      <FromValue>承認依頼（A&amp;MO 2次承認）</FromValue>
      <ToValue>100000003</ToValue>
    </Option>
    <Option>
      <FromValue>承認済</FromValue>
      <ToValue>100000005</ToValue>
    </Option>
    <Option>
      <FromValue>入力中</FromValue>
      <ToValue>100000000</ToValue>
    </Option>
    <Option>
      <FromValue>承認依頼中</FromValue>
      <ToValue>100000001</ToValue>
    </Option>
    <Option>
      <FromValue>ミドル1次承認依頼中</FromValue>
      <ToValue>100000002</ToValue>
    </Option>
    <Option>
      <FromValue>ミドル2次承認依頼中</FromValue>
      <ToValue>100000003</ToValue>
    </Option>
    <Option>
      <FromValue>履行管理中</FromValue>
      <ToValue>100000004</ToValue>
    </Option>
    <Option>
      <FromValue>履行完了</FromValue>
      <ToValue>100000005</ToValue>
    </Option>
  </OptionMap>
  
  <!-- ===================== モニタリング条件 107 ===================== -->
  <!-- 属性 -->
  <OptionMap>
    <OptionName>tsb_ops_attribute_monitoring</OptionName>
    <Option>
      <FromValue>実行後条件（定期モニタリング）</FromValue>
      <ToValue>100000001</ToValue>
    </Option>
    <Option>
      <FromValue>実行後条件（スポット）</FromValue>
      <ToValue>100000000</ToValue>
    </Option>
    <Option>
      <FromValue>実行後条件（行内コベナンツ）</FromValue>
      <ToValue>100000002</ToValue>
    </Option>
    <Option>
      <FromValue>実行直後モニタリング</FromValue>
      <ToValue>100000001</ToValue>
    </Option>
    <Option>
      <FromValue>モニタリング条件（汎用）</FromValue>
      <ToValue>100000000</ToValue>
    </Option>
    <Option>
      <FromValue>モニタリング条件（行内コベナンツ）</FromValue>
      <ToValue>100000002</ToValue>
    </Option>
  </OptionMap>

  <!-- ===================== その他期日条件 108 ===================== -->
  <!-- 属性 -->
  <OptionMap>
    <OptionName>tsb_ops_attribute_other</OptionName>
    <Option>
      <FromValue>期日管理　・・利払日</FromValue>
      <ToValue>100000000</ToValue>
    </Option>
    <Option>
      <FromValue>期日管理　・・財務</FromValue>
      <ToValue>100000001</ToValue>
    </Option>
    <Option>
      <FromValue>期日管理　・・担保</FromValue>
      <ToValue>100000002</ToValue>
    </Option>
    <Option>
      <FromValue>期日管理　・・レポート送付</FromValue>
      <ToValue>100000003</ToValue>
    </Option>
    <Option>
      <FromValue>期日管理　・・その他</FromValue>
      <ToValue>100000004</ToValue>
    </Option>
    <Option>
      <FromValue>【廃】期日管理　・・COへ連絡</FromValue>
      <ToValue>100000004</ToValue>
    </Option>
    <Option>
      <FromValue>利払日</FromValue>
      <ToValue>100000000</ToValue>
    </Option>
    <Option>
      <FromValue>財務</FromValue>
      <ToValue>100000001</ToValue>
    </Option>
    <Option>
      <FromValue>担保</FromValue>
      <ToValue>100000002</ToValue>
    </Option>
    <Option>
      <FromValue>レポート送付</FromValue>
      <ToValue>100000003</ToValue>
    </Option>
    <Option>
      <FromValue>その他</FromValue>
      <ToValue>100000004</ToValue>
    </Option>
  </OptionMap>
  <!-- ステータス -->
  <OptionMap>
    <OptionName>tsb_ops_status_other</OptionName>
    <Option>
      <FromValue>承認依頼（フロント）</FromValue>
      <ToValue>100000001</ToValue>
    </Option>
    <Option>
      <FromValue>承認依頼（A&amp;MO 1次承認）</FromValue>
      <ToValue>100000002</ToValue>
    </Option>
    <Option>
      <FromValue>承認依頼（A&amp;MO 2次承認）</FromValue>
      <ToValue>100000003</ToValue>
    </Option>
    <Option>
      <FromValue>承認済</FromValue>
      <ToValue>100000005</ToValue>
    </Option>
    <Option>
      <FromValue>入力中</FromValue>
      <ToValue>100000000</ToValue>
    </Option>
    <Option>
      <FromValue>承認依頼中</FromValue>
      <ToValue>100000001</ToValue>
    </Option>
    <Option>
      <FromValue>ミドル1次承認依頼中</FromValue>
      <ToValue>100000002</ToValue>
    </Option>
    <Option>
      <FromValue>ミドル2次承認依頼中</FromValue>
      <ToValue>100000003</ToValue>
    </Option>
    <Option>
      <FromValue>履行管理中</FromValue>
      <ToValue>100000004</ToValue>
    </Option>
    <Option>
      <FromValue>履行完了</FromValue>
      <ToValue>100000005</ToValue>
    </Option>
  </OptionMap>

  <!-- ===================== 期日リスト 109 ===================== -->
  <!-- 履行結果 -->
  <OptionMap>
    <OptionName>tsb_ops_fulfill_result</OptionName>
    <Option>
      <FromValue>履行</FromValue>
      <ToValue>100000000</ToValue>
    </Option>
    <Option>
      <FromValue>抵触中</FromValue>
      <ToValue>100000001</ToValue>
    </Option>
    <Option>
      <FromValue>完済</FromValue>
      <ToValue>100000002</ToValue>
    </Option>
    <Option>
      <FromValue>抵触解消</FromValue>
      <ToValue>100000003</ToValue>
    </Option>
    <Option>
      <FromValue>【廃】今回対象外</FromValue>
      <ToValue>100000004</ToValue>
    </Option>
    <Option>
      <FromValue>履行確認対象外</FromValue>
      <ToValue>100000004</ToValue>
    </Option>
  </OptionMap>
  <!-- 情報種類 -->
  <OptionMap>
    <OptionName>tsb_ops_type_info</OptionName>
    <Option>
      <FromValue>コベナンツ条件</FromValue>
      <ToValue>100000000</ToValue>
    </Option>
    <Option>
      <FromValue>その他期日条件</FromValue>
      <ToValue>100000001</ToValue>
    </Option>
    <Option>
      <FromValue>モニタリング条件</FromValue>
      <ToValue>100000002</ToValue>
    </Option>
  </OptionMap>
</Configuration>
